code,name_en,name_ne,level,parent_code,valid_from,valid_to,geometry_ref
NP,Nepal,नेपाल,country,,,,
NP01,Koshi,कोशी,province,NP,2015-09-20,,ADM1_PCODE=NP01
NP02,Madhesh,मधेश,province,NP,2015-09-20,,ADM1_PCODE=NP02
NP03,Bagmati,बागमती,province,NP,2015-09-20,,ADM1_PCODE=NP03
NP04,Gandaki,गण्डकी,province,NP,2015-09-20,,ADM1_PCODE=NP04
NP05,Lumbini,लुम्बिनी,province,NP,2015-09-20,,ADM1_PCODE=NP05
NP06,Karnali,कर्णाली,province,NP,2015-09-20,,ADM1_PCODE=NP06
NP07,Sudurpaschim,सुदुरपश्चिम,province,NP,2015-09-20,,ADM1_PCODE=NP07
NP0101,Taplejung,ताप्लेजुङ्ग,district,NP01,2015-09-20,,DIST_PCODE=NP0101
NP0109,Sankhuwasabha,संखुवासभा,district,NP01,2015-09-20,,DIST_PCODE=NP0109
NP0111,Solukhumbu,सोलुखुम्बु,district,NP01,2015-09-20,,DIST_PCODE=NP0111
NP0113,Okhaldhunga,ओखलढुंगा,district,NP01,2015-09-20,,DIST_PCODE=NP0113
NP0112,Khotang,खोटाङ्ग,district,NP01,2015-09-20,,DIST_PCODE=NP0112
NP0110,Bhojpur,भोजपुर,district,NP01,2015-09-20,,DIST_PCODE=NP0110
NP0107,Dhankuta,धनकुटा,district,NP01,2015-09-20,,DIST_PCODE=NP0107
NP0108,Terhathum,तेह्रथुम,district,NP01,2015-09-20,,DIST_PCODE=NP0108
NP0102,Panchthar,पाँचथर,district,NP01,2015-09-20,,DIST_PCODE=NP0102
NP0103,Ilam,इलाम,district,NP01,2015-09-20,,DIST_PCODE=NP0103
NP0104,Jhapa,झापा,district,NP01,2015-09-20,,DIST_PCODE=NP0104
NP0105,Morang,मोरङ्ग,district,NP01,2015-09-20,,DIST_PCODE=NP0105
NP0106,Sunsari,सुनसरी,district,NP01,2015-09-20,,DIST_PCODE=NP0106
NP0114,Udayapur,उदयपुर,district,NP01,2015-09-20,,DIST_PCODE=NP0114
NP0215,Saptari,सप्तरी,district,NP02,2015-09-20,,DIST_PCODE=NP0215
NP0216,Siraha,सिराहा,district,NP02,2015-09-20,,DIST_PCODE=NP0216
NP0217,Dhanusha,धनुषा,district,NP02,2015-09-20,,DIST_PCODE=NP0217
NP0218,Mahottari,महोत्तरी,district,NP02,2015-09-20,,DIST_PCODE=NP0218
NP0219,Sarlahi,सर्लाही,district,NP02,2015-09-20,,DIST_PCODE=NP0219
NP0232,Rautahat,रौतहट,district,NP02,2015-09-20,,DIST_PCODE=NP0232
NP0233,Bara,बारा,district,NP02,2015-09-20,,DIST_PCODE=NP0233
NP0234,Parsa,पर्सा,district,NP02,2015-09-20,,DIST_PCODE=NP0234
NP0322,Dolakha,दोलखा,district,NP03,2015-09-20,,DIST_PCODE=NP0322
NP0323,Sindhupalchok,सिन्धुपाल्चोक,district,NP03,2015-09-20,,DIST_PCODE=NP0323
NP0329,Rasuwa,रसुवा,district,NP03,2015-09-20,,DIST_PCODE=NP0329
NP0330,Dhading,धादिङ्ग,district,NP03,2015-09-20,,DIST_PCODE=NP0330
NP0328,Nuwakot,नुवाकोट,district,NP03,2015-09-20,,DIST_PCODE=NP0328
NP0327,Kathmandu,काठमाडौँ,district,NP03,2015-09-20,,DIST_PCODE=NP0327
NP0326,Bhaktapur,भक्तपुर,district,NP03,2015-09-20,,DIST_PCODE=NP0326
NP0325,Lalitpur,ललितपुर,district,NP03,2015-09-20,,DIST_PCODE=NP0325
NP0324,Kabhrepalanchok,काभ्रेपलाञ्चोक,district,NP03,2015-09-20,,DIST_PCODE=NP0324
NP0321,Ramechhap,रामेछाप,district,NP03,2015-09-20,,DIST_PCODE=NP0321
NP0320,Sindhuli,सिन्धुली,district,NP03,2015-09-20,,DIST_PCODE=NP0320
NP0331,Makawanpur,मकवानपुर,district,NP03,2015-09-20,,DIST_PCODE=NP0331
NP0335,Chitawan,चितवन,district,NP03,2015-09-20,,DIST_PCODE=NP0335
NP0436,Gorkha,गोरखा,district,NP04,2015-09-20,,DIST_PCODE=NP0436
NP0438,Manang,मनाङ्ग,district,NP04,2015-09-20,,DIST_PCODE=NP0438
NP0445,Mustang,मुस्ताङ्ग,district,NP04,2015-09-20,,DIST_PCODE=NP0445
NP0444,Myagdi,म्याग्दी,district,NP04,2015-09-20,,DIST_PCODE=NP0444
NP0439,Kaski,कास्की,district,NP04,2015-09-20,,DIST_PCODE=NP0439
NP0437,Lamjung,लमजुङ्ग,district,NP04,2015-09-20,,DIST_PCODE=NP0437
NP0440,Tanahu,तनँहु,district,NP04,2015-09-20,,DIST_PCODE=NP0440
NP0447,Nawalparasi East,नवलपरासी (वर्दघाट सुस्ता पूर्व),district,NP04,2015-09-20,,DIST_PCODE=NP0447
NP0441,Syangja,स्याङ्जा,district,NP04,2015-09-20,,DIST_PCODE=NP0441
NP0442,Parbat,पर्वत,district,NP04,2015-09-20,,DIST_PCODE=NP0442
NP0443,Baglung,बाग्लुङ्ग,district,NP04,2015-09-20,,DIST_PCODE=NP0443
NP0552,Rukum East,रुकुम (पूर्व),district,NP05,2015-09-20,,DIST_PCODE=NP0552
NP0554,Rolpa,रोल्पा,district,NP05,2015-09-20,,DIST_PCODE=NP0554
NP0555,Pyuthan,प्युठान,district,NP05,2015-09-20,,DIST_PCODE=NP0555
NP0551,Gulmi,गुल्मी,district,NP05,2015-09-20,,DIST_PCODE=NP0551
NP0550,Arghakhanchi,अर्घाखाँची,district,NP05,2015-09-20,,DIST_PCODE=NP0550
NP0546,Palpa,पाल्पा,district,NP05,2015-09-20,,DIST_PCODE=NP0546
NP0547,Nawalparasi West,नवलपरासी (बर्दघाट सुस्ता पश्चिम),district,NP05,2015-09-20,,DIST_PCODE=NP0547
NP0548,Rupandehi,रुपन्देही,district,NP05,2015-09-20,,DIST_PCODE=NP0548
NP0549,Kapilbastu,कपिलबस्तु,district,NP05,2015-09-20,,DIST_PCODE=NP0549
NP0556,Dang,दाङ्ग,district,NP05,2015-09-20,,DIST_PCODE=NP0556
NP0557,Banke,बाकेँ,district,NP05,2015-09-20,,DIST_PCODE=NP0557
NP0558,Bardiya,बर्दिया,district,NP05,2015-09-20,,DIST_PCODE=NP0558
NP0662,Dolpa,डोल्पा,district,NP06,2015-09-20,,DIST_PCODE=NP0662
NP0665,Mugu,मुगु,district,NP06,2015-09-20,,DIST_PCODE=NP0665
NP0666,Humla,हुम्ला,district,NP06,2015-09-20,,DIST_PCODE=NP0666
NP0663,Jumla,जुम्ला,district,NP06,2015-09-20,,DIST_PCODE=NP0663
NP0664,Kalikot,कालीकोट,district,NP06,2015-09-20,,DIST_PCODE=NP0664
NP0661,Dailekh,दैलेख,district,NP06,2015-09-20,,DIST_PCODE=NP0661
NP0660,Jajarkot,जाजरकोट,district,NP06,2015-09-20,,DIST_PCODE=NP0660
NP0652,Rukum West,रुकुम (पश्चिम),district,NP06,2015-09-20,,DIST_PCODE=NP0652
NP0653,Salyan,सल्यान,district,NP06,2015-09-20,,DIST_PCODE=NP0653
NP0659,Surkhet,सुर्खेत,district,NP06,2015-09-20,,DIST_PCODE=NP0659
NP0768,Bajura,बाजुरा,district,NP07,2015-09-20,,DIST_PCODE=NP0768
NP0767,Bajhang,बझाङ्ग,district,NP07,2015-09-20,,DIST_PCODE=NP0767
NP0775,Darchula,दार्चुला,district,NP07,2015-09-20,,DIST_PCODE=NP0775
NP0774,Baitadi,बैतडी,district,NP07,2015-09-20,,DIST_PCODE=NP0774
NP0773,Dadeldhura,डडेल्धुरा,district,NP07,2015-09-20,,DIST_PCODE=NP0773
NP0770,Doti,डोटी,district,NP07,2015-09-20,,DIST_PCODE=NP0770
NP0769,Achham,अछाम,district,NP07,2015-09-20,,DIST_PCODE=NP0769
NP0771,Kailali,कैलाली,district,NP07,2015-09-20,,DIST_PCODE=NP0771
NP0772,Kanchanpur,कञ्चनपुर,district,NP07,2015-09-20,,DIST_PCODE=NP0772
NP0101301,Phungling,,local_unit,NP0101,2017-03-10,,ADM3_PCODE=NP0101301
NP0101401,Phaktanlung,,local_unit,NP0101,2017-03-10,,ADM3_PCODE=NP0101401
NP0101402,Mikwakhola,,local_unit,NP0101,2017-03-10,,ADM3_PCODE=NP0101402
NP0101403,Sirijanga,,local_unit,NP0101,2017-03-10,,ADM3_PCODE=NP0101403
NP0101404,Meringden,,local_unit,NP0101,2017-03-10,,ADM3_PCODE=NP0101404
NP0101405,Maiwakhola,,local_unit,NP0101,2017-03-10,,ADM3_PCODE=NP0101405
NP0101406,Aatharai Tribeni,,local_unit,NP0101,2017-03-10,,ADM3_PCODE=NP0101406
NP0101407,Pathivara Yangwarak,,local_unit,NP0101,2017-03-10,,ADM3_PCODE=NP0101407
NP0101408,Sidingba,,local_unit,NP0101,2017-03-10,,ADM3_PCODE=NP0101408
NP0102301,Phidim,,local_unit,NP0102,2017-03-10,,ADM3_PCODE=NP0102301
NP0102401,Hilihan,,local_unit,NP0102,2017-03-10,,ADM3_PCODE=NP0102401
NP0102402,Yangbarak,,local_unit,NP0102,2017-03-10,,ADM3_PCODE=NP0102402
NP0102403,Falelung,,local_unit,NP0102,2017-03-10,,ADM3_PCODE=NP0102403
NP0102404,Kummayak,,local_unit,NP0102,2017-03-10,,ADM3_PCODE=NP0102404
NP0102405,Falgunanda,,local_unit,NP0102,2017-03-10,,ADM3_PCODE=NP0102405
NP0102406,Tumbewa,,local_unit,NP0102,2017-03-10,,ADM3_PCODE=NP0102406
NP0102407,Miklajung,,local_unit,NP0102,2017-03-10,,ADM3_PCODE=NP0102407
NP0103301,Deumai,,local_unit,NP0103,2017-03-10,,ADM3_PCODE=NP0103301
NP0103302,Illam,,local_unit,NP0103,2017-03-10,,ADM3_PCODE=NP0103302
NP0103303,Suryodaya,,local_unit,NP0103,2017-03-10,,ADM3_PCODE=NP0103303
NP0103304,Mai,,local_unit,NP0103,2017-03-10,,ADM3_PCODE=NP0103304
NP0103401,Fakfokathum,,local_unit,NP0103,2017-03-10,,ADM3_PCODE=NP0103401
NP0103402,Sandakpur,,local_unit,NP0103,2017-03-10,,ADM3_PCODE=NP0103402
NP0103403,Mai Jogmai,,local_unit,NP0103,2017-03-10,,ADM3_PCODE=NP0103403
NP0103404,Chulachuli,,local_unit,NP0103,2017-03-10,,ADM3_PCODE=NP0103404
NP0103405,Mangsebung,,local_unit,NP0103,2017-03-10,,ADM3_PCODE=NP0103405
NP0103406,Rong,,local_unit,NP0103,2017-03-10,,ADM3_PCODE=NP0103406
NP0104301,Damak,,local_unit,NP0104,2017-03-10,,ADM3_PCODE=NP0104301
NP0104302,Shivasatakshi,,local_unit,NP0104,2017-03-10,,ADM3_PCODE=NP0104302
NP0104303,Kankai,,local_unit,NP0104,2017-03-10,,ADM3_PCODE=NP0104303
NP0104304,Arjundhara,,local_unit,NP0104,2017-03-10,,ADM3_PCODE=NP0104304
NP0104305,Mechinagar,,local_unit,NP0104,2017-03-10,,ADM3_PCODE=NP0104305
NP0104306,Gauradaha,,local_unit,NP0104,2017-03-10,,ADM3_PCODE=NP0104306
NP0104307,Birtamod,,local_unit,NP0104,2017-03-10,,ADM3_PCODE=NP0104307
NP0104308,Bhadrapur,,local_unit,NP0104,2017-03-10,,ADM3_PCODE=NP0104308
NP0104401,Kamal,,local_unit,NP0104,2017-03-10,,ADM3_PCODE=NP0104401
NP0104402,Buddhashanti,,local_unit,NP0104,2017-03-10,,ADM3_PCODE=NP0104402
NP0104403,Gauriganj,,local_unit,NP0104,2017-03-10,,ADM3_PCODE=NP0104403
NP0104404,Jhapa,,local_unit,NP0104,2017-03-10,,ADM3_PCODE=NP0104404
NP0104405,Barhadashi,,local_unit,NP0104,2017-03-10,,ADM3_PCODE=NP0104405
NP0104406,Haldibari,,local_unit,NP0104,2017-03-10,,ADM3_PCODE=NP0104406
NP0104407,Kachanakawal,,local_unit,NP0104,2017-03-10,,ADM3_PCODE=NP0104407
NP0105101,Biratnagar,,local_unit,NP0105,2017-03-10,,ADM3_PCODE=NP0105101
NP0105301,Letang,,local_unit,NP0105,2017-03-10,,ADM3_PCODE=NP0105301
NP0105302,Sundarharaicha,,local_unit,NP0105,2017-03-10,,ADM3_PCODE=NP0105302
NP0105303,Belbari,,local_unit,NP0105,2017-03-10,,ADM3_PCODE=NP0105303
NP0105304,Pathari Shanishchare,,local_unit,NP0105,2017-03-10,,ADM3_PCODE=NP0105304
NP0105305,Urlabari,,local_unit,NP0105,2017-03-10,,ADM3_PCODE=NP0105305
NP0105306,Rangeli,,local_unit,NP0105,2017-03-10,,ADM3_PCODE=NP0105306
NP0105307,Sunwarshi,,local_unit,NP0105,2017-03-10,,ADM3_PCODE=NP0105307
NP0105308,Ratuwamai,,local_unit,NP0105,2017-03-10,,ADM3_PCODE=NP0105308
NP0105401,Kerabari,,local_unit,NP0105,2017-03-10,,ADM3_PCODE=NP0105401
NP0105402,Miklajung,,local_unit,NP0105,2017-03-10,,ADM3_PCODE=NP0105402
NP0105403,Kanepokhari,,local_unit,NP0105,2017-03-10,,ADM3_PCODE=NP0105403
NP0105404,Budhiganga,,local_unit,NP0105,2017-03-10,,ADM3_PCODE=NP0105404
NP0105405,Gramthan,,local_unit,NP0105,2017-03-10,,ADM3_PCODE=NP0105405
NP0105406,Katahari,,local_unit,NP0105,2017-03-10,,ADM3_PCODE=NP0105406
NP0105407,Jahada,,local_unit,NP0105,2017-03-10,,ADM3_PCODE=NP0105407
NP0105408,Dhanapalthan,,local_unit,NP0105,2017-03-10,,ADM3_PCODE=NP0105408
NP0106201,Dharan,,local_unit,NP0106,2017-03-10,,ADM3_PCODE=NP0106201
NP0106202,Itahari,,local_unit,NP0106,2017-03-10,,ADM3_PCODE=NP0106202
NP0106301,Barahachhetra,,local_unit,NP0106,2017-03-10,,ADM3_PCODE=NP0106301
NP0106302,Ramdhuni,,local_unit,NP0106,2017-03-10,,ADM3_PCODE=NP0106302
NP0106303,Inaruwa,,local_unit,NP0106,2017-03-10,,ADM3_PCODE=NP0106303
NP0106304,Duhabi,,local_unit,NP0106,2017-03-10,,ADM3_PCODE=NP0106304
NP0106401,Koshi,,local_unit,NP0106,2017-03-10,,ADM3_PCODE=NP0106401
NP0106402,Bhokraha Narsingh,,local_unit,NP0106,2017-03-10,,ADM3_PCODE=NP0106402
NP0106403,Gadhi,,local_unit,NP0106,2017-03-10,,ADM3_PCODE=NP0106403
NP0106404,Harinagar,,local_unit,NP0106,2017-03-10,,ADM3_PCODE=NP0106404
NP0106405,Dewangunj,,local_unit,NP0106,2017-03-10,,ADM3_PCODE=NP0106405
NP0106406,Barju,,local_unit,NP0106,2017-03-10,,ADM3_PCODE=NP0106406
NP0107301,Mahalaxmi,,local_unit,NP0107,2017-03-10,,ADM3_PCODE=NP0107301
NP0107302,Pakhribas,,local_unit,NP0107,2017-03-10,,ADM3_PCODE=NP0107302
NP0107303,Dhankuta,,local_unit,NP0107,2017-03-10,,ADM3_PCODE=NP0107303
NP0107401,Shahidbhumi,,local_unit,NP0107,2017-03-10,,ADM3_PCODE=NP0107401
NP0107402,Chhathar Jorpati,,local_unit,NP0107,2017-03-10,,ADM3_PCODE=NP0107402
NP0107403,Sangurigadhi,,local_unit,NP0107,2017-03-10,,ADM3_PCODE=NP0107403
NP0107404,Chaubise,,local_unit,NP0107,2017-03-10,,ADM3_PCODE=NP0107404
NP0108301,Laligurans,,local_unit,NP0108,2017-03-10,,ADM3_PCODE=NP0108301
NP0108302,Myanglung,,local_unit,NP0108,2017-03-10,,ADM3_PCODE=NP0108302
NP0108401,Menchhayayem,,local_unit,NP0108,2017-03-10,,ADM3_PCODE=NP0108401
NP0108402,Phedap,,local_unit,NP0108,2017-03-10,,ADM3_PCODE=NP0108402
NP0108403,Aatharai,,local_unit,NP0108,2017-03-10,,ADM3_PCODE=NP0108403
NP0108404,Chhathar,,local_unit,NP0108,2017-03-10,,ADM3_PCODE=NP0108404
NP0109301,Khandabari,,local_unit,NP0109,2017-03-10,,ADM3_PCODE=NP0109301
NP0109302,Panchakhapan,,local_unit,NP0109,2017-03-10,,ADM3_PCODE=NP0109302
NP0109303,Chainapur,,local_unit,NP0109,2017-03-10,,ADM3_PCODE=NP0109303
NP0109304,Dharmadevi,,local_unit,NP0109,2017-03-10,,ADM3_PCODE=NP0109304
NP0109305,Madi,,local_unit,NP0109,2017-03-10,,ADM3_PCODE=NP0109305
NP0109401,Makalu,,local_unit,NP0109,2017-03-10,,ADM3_PCODE=NP0109401
NP0109402,Bhotkhola,,local_unit,NP0109,2017-03-10,,ADM3_PCODE=NP0109402
NP0109403,Silichong,,local_unit,NP0109,2017-03-10,,ADM3_PCODE=NP0109403
NP0109404,Chichila,,local_unit,NP0109,2017-03-10,,ADM3_PCODE=NP0109404
NP0109405,Sabhapokhari,,local_unit,NP0109,2017-03-10,,ADM3_PCODE=NP0109405
NP0110301,Shadananda,,local_unit,NP0110,2017-03-10,,ADM3_PCODE=NP0110301
NP0110302,Bhojpur,,local_unit,NP0110,2017-03-10,,ADM3_PCODE=NP0110302
NP0110401,Salpa Silichho,,local_unit,NP0110,2017-03-10,,ADM3_PCODE=NP0110401
NP0110402,Temkemaiyum,,local_unit,NP0110,2017-03-10,,ADM3_PCODE=NP0110402
NP0110403,Arun,,local_unit,NP0110,2017-03-10,,ADM3_PCODE=NP0110403
NP0110404,Ramprasad Rai,,local_unit,NP0110,2017-03-10,,ADM3_PCODE=NP0110404
NP0110405,Pauwa Dunma,,local_unit,NP0110,2017-03-10,,ADM3_PCODE=NP0110405
NP0110406,Aamchowk,,local_unit,NP0110,2017-03-10,,ADM3_PCODE=NP0110406
NP0110407,Hatuwagadhi,,local_unit,NP0110,2017-03-10,,ADM3_PCODE=NP0110407
NP0111301,Solu Dhudhakunda,,local_unit,NP0111,2017-03-10,,ADM3_PCODE=NP0111301
NP0111401,Khumbu Pasanglhamu,,local_unit,NP0111,2017-03-10,,ADM3_PCODE=NP0111401
NP0111402,Mahakulung,,local_unit,NP0111,2017-03-10,,ADM3_PCODE=NP0111402
NP0111403,Likhu Pike,,local_unit,NP0111,2017-03-10,,ADM3_PCODE=NP0111403
NP0111404,Mapya Dudhkoshi,,local_unit,NP0111,2017-03-10,,ADM3_PCODE=NP0111404
NP0111405,Necha Salyan,,local_unit,NP0111,2017-03-10,,ADM3_PCODE=NP0111405
NP0111406,Thulung Dudhkoshi,,local_unit,NP0111,2017-03-10,,ADM3_PCODE=NP0111406
NP0111407,Sotang,,local_unit,NP0111,2017-03-10,,ADM3_PCODE=NP0111407
NP0112301,Halesi Tuwachung,,local_unit,NP0112,2017-03-10,,ADM3_PCODE=NP0112301
NP0112302,Diktel Rupakot Majhuwagadhi,,local_unit,NP0112,2017-03-10,,ADM3_PCODE=NP0112302
NP0112401,Aiselukharka,,local_unit,NP0112,2017-03-10,,ADM3_PCODE=NP0112401
NP0112402,Kepilasgadhi,,local_unit,NP0112,2017-03-10,,ADM3_PCODE=NP0112402
NP0112403,Rawa Besi,,local_unit,NP0112,2017-03-10,,ADM3_PCODE=NP0112403
NP0112404,Diprung Chuichumma,,local_unit,NP0112,2017-03-10,,ADM3_PCODE=NP0112404
NP0112405,Sakela,,local_unit,NP0112,2017-03-10,,ADM3_PCODE=NP0112405
NP0112406,Khotehang,,local_unit,NP0112,2017-03-10,,ADM3_PCODE=NP0112406
NP0112407,Baraha Pokhari,,local_unit,NP0112,2017-03-10,,ADM3_PCODE=NP0112407
NP0112408,Jante Dhunga,,local_unit,NP0112,2017-03-10,,ADM3_PCODE=NP0112408
NP0113301,Siddhicharan,,local_unit,NP0113,2017-03-10,,ADM3_PCODE=NP0113301
NP0113401,Khiji Demba,,local_unit,NP0113,2017-03-10,,ADM3_PCODE=NP0113401
NP0113402,Likhu,,local_unit,NP0113,2017-03-10,,ADM3_PCODE=NP0113402
NP0113403,Molung,,local_unit,NP0113,2017-03-10,,ADM3_PCODE=NP0113403
NP0113404,Champadevi,,local_unit,NP0113,2017-03-10,,ADM3_PCODE=NP0113404
NP0113405,Sunkoshi,,local_unit,NP0113,2017-03-10,,ADM3_PCODE=NP0113405
NP0113406,Chishankhu Gadhi,,local_unit,NP0113,2017-03-10,,ADM3_PCODE=NP0113406
NP0113407,Manebhanjyang,,local_unit,NP0113,2017-03-10,,ADM3_PCODE=NP0113407
NP0114301,Katari,,local_unit,NP0114,2017-03-10,,ADM3_PCODE=NP0114301
NP0114302,Triyuga,,local_unit,NP0114,2017-03-10,,ADM3_PCODE=NP0114302
NP0114303,Chaudandigadhi,,local_unit,NP0114,2017-03-10,,ADM3_PCODE=NP0114303
NP0114304,Belaka,,local_unit,NP0114,2017-03-10,,ADM3_PCODE=NP0114304
NP0114401,Tapli,,local_unit,NP0114,2017-03-10,,ADM3_PCODE=NP0114401
NP0114402,Limchunbung,,local_unit,NP0114,2017-03-10,,ADM3_PCODE=NP0114402
NP0114403,Udayapurgadhi,,local_unit,NP0114,2017-03-10,,ADM3_PCODE=NP0114403
NP0114404,Rautamai,,local_unit,NP0114,2017-03-10,,ADM3_PCODE=NP0114404
NP0215301,Surunga,,local_unit,NP0215,2017-03-10,,ADM3_PCODE=NP0215301
NP0215302,Khadak,,local_unit,NP0215,2017-03-10,,ADM3_PCODE=NP0215302
NP0215303,Shambhunath,,local_unit,NP0215,2017-03-10,,ADM3_PCODE=NP0215303
NP0215304,Saptakoshi,,local_unit,NP0215,2017-03-10,,ADM3_PCODE=NP0215304
NP0215305,Kanchanrup,,local_unit,NP0215,2017-03-10,,ADM3_PCODE=NP0215305
NP0215306,Bode Barsain,,local_unit,NP0215,2017-03-10,,ADM3_PCODE=NP0215306
NP0215307,Dakneshwori,,local_unit,NP0215,2017-03-10,,ADM3_PCODE=NP0215307
NP0215308,Rajbiraj,,local_unit,NP0215,2017-03-10,,ADM3_PCODE=NP0215308
NP0215309,Hanumannagar Kankalini,,local_unit,NP0215,2017-03-10,,ADM3_PCODE=NP0215309
NP0215401,Rupani,,local_unit,NP0215,2017-03-10,,ADM3_PCODE=NP0215401
NP0215402,Agnisair Krishna Sabaran,,local_unit,NP0215,2017-03-10,,ADM3_PCODE=NP0215402
NP0215403,Tirahut,,local_unit,NP0215,2017-03-10,,ADM3_PCODE=NP0215403
NP0215404,Balan-Bihul,,local_unit,NP0215,2017-03-10,,ADM3_PCODE=NP0215404
NP0215405,Mahadewa,,local_unit,NP0215,2017-03-10,,ADM3_PCODE=NP0215405
NP0215406,Rajgadh,,local_unit,NP0215,2017-03-10,,ADM3_PCODE=NP0215406
NP0215407,Bishnupur,,local_unit,NP0215,2017-03-10,,ADM3_PCODE=NP0215407
NP0215408,Chhinnamasta,,local_unit,NP0215,2017-03-10,,ADM3_PCODE=NP0215408
NP0215409,Tilathi Koiladi,,local_unit,NP0215,2017-03-10,,ADM3_PCODE=NP0215409
NP0216301,Karjanha,,local_unit,NP0216,2017-03-10,,ADM3_PCODE=NP0216301
NP0216302,Mirchaiya,,local_unit,NP0216,2017-03-10,,ADM3_PCODE=NP0216302
NP0216303,Golbazar,,local_unit,NP0216,2017-03-10,,ADM3_PCODE=NP0216303
NP0216304,Dhangadhimai,,local_unit,NP0216,2017-03-10,,ADM3_PCODE=NP0216304
NP0216305,Lahan,,local_unit,NP0216,2017-03-10,,ADM3_PCODE=NP0216305
NP0216306,Kalyanpur,,local_unit,NP0216,2017-03-10,,ADM3_PCODE=NP0216306
NP0216307,Sukhipur,,local_unit,NP0216,2017-03-10,,ADM3_PCODE=NP0216307
NP0216308,Siraha,,local_unit,NP0216,2017-03-10,,ADM3_PCODE=NP0216308
NP0216401,Naraha,,local_unit,NP0216,2017-03-10,,ADM3_PCODE=NP0216401
NP0216402,Bishnupur,,local_unit,NP0216,2017-03-10,,ADM3_PCODE=NP0216402
NP0216403,Arnama,,local_unit,NP0216,2017-03-10,,ADM3_PCODE=NP0216403
NP0216404,Aurahi,,local_unit,NP0216,2017-03-10,,ADM3_PCODE=NP0216404
NP0216405,Bariyarpatti,,local_unit,NP0216,2017-03-10,,ADM3_PCODE=NP0216405
NP0216406,Laxmipur Patari,,local_unit,NP0216,2017-03-10,,ADM3_PCODE=NP0216406
NP0216407,Nawarajpur,,local_unit,NP0216,2017-03-10,,ADM3_PCODE=NP0216407
NP0216408,Sakhuwa Nankarkatti,,local_unit,NP0216,2017-03-10,,ADM3_PCODE=NP0216408
NP0216409,Bhagawanpur,,local_unit,NP0216,2017-03-10,,ADM3_PCODE=NP0216409
NP0217201,Janakpurdham,,local_unit,NP0217,2017-03-10,,ADM3_PCODE=NP0217201
NP0217301,Mithila,,local_unit,NP0217,2017-03-10,,ADM3_PCODE=NP0217301
NP0217302,Ganeshman Charnath,,local_unit,NP0217,2017-03-10,,ADM3_PCODE=NP0217302
NP0217303,Chhireshwornath,,local_unit,NP0217,2017-03-10,,ADM3_PCODE=NP0217303
NP0217304,Dhanushadham,,local_unit,NP0217,2017-03-10,,ADM3_PCODE=NP0217304
NP0217305,Mithila Bihari,,local_unit,NP0217,2017-03-10,,ADM3_PCODE=NP0217305
NP0217306,Sabaila,,local_unit,NP0217,2017-03-10,,ADM3_PCODE=NP0217306
NP0217307,Hansapur,,local_unit,NP0217,2017-03-10,,ADM3_PCODE=NP0217307
NP0217308,Shahidnagar,,local_unit,NP0217,2017-03-10,,ADM3_PCODE=NP0217308
NP0217309,Nagarain,,local_unit,NP0217,2017-03-10,,ADM3_PCODE=NP0217309
NP0217310,Bideha,,local_unit,NP0217,2017-03-10,,ADM3_PCODE=NP0217310
NP0217311,Kamala,,local_unit,NP0217,2017-03-10,,ADM3_PCODE=NP0217311
NP0217401,Bateshwor,,local_unit,NP0217,2017-03-10,,ADM3_PCODE=NP0217401
NP0217402,Laxminiya,,local_unit,NP0217,2017-03-10,,ADM3_PCODE=NP0217402
NP0217403,Aurahi,,local_unit,NP0217,2017-03-10,,ADM3_PCODE=NP0217403
NP0217404,Dhanauji,,local_unit,NP0217,2017-03-10,,ADM3_PCODE=NP0217404
NP0217405,Mukhiyapatti Musaharmiya,,local_unit,NP0217,2017-03-10,,ADM3_PCODE=NP0217405
NP0217406,Janak Nandini,,local_unit,NP0217,2017-03-10,,ADM3_PCODE=NP0217406
NP0218301,Bardibas,,local_unit,NP0218,2017-03-10,,ADM3_PCODE=NP0218301
NP0218302,Gaushala,,local_unit,NP0218,2017-03-10,,ADM3_PCODE=NP0218302
NP0218303,Aurahi,,local_unit,NP0218,2017-03-10,,ADM3_PCODE=NP0218303
NP0218304,Bhangaha,,local_unit,NP0218,2017-03-10,,ADM3_PCODE=NP0218304
NP0218305,Ram Gopalpur,,local_unit,NP0218,2017-03-10,,ADM3_PCODE=NP0218305
NP0218306,Manara Shisawa,,local_unit,NP0218,2017-03-10,,ADM3_PCODE=NP0218306
NP0218307,Balawa,,local_unit,NP0218,2017-03-10,,ADM3_PCODE=NP0218307
NP0218308,Loharpatti,,local_unit,NP0218,2017-03-10,,ADM3_PCODE=NP0218308
NP0218309,Jaleshwor,,local_unit,NP0218,2017-03-10,,ADM3_PCODE=NP0218309
NP0218310,Matihani,,local_unit,NP0218,2017-03-10,,ADM3_PCODE=NP0218310
NP0218401,Sonama,,local_unit,NP0218,2017-03-10,,ADM3_PCODE=NP0218401
NP0218402,Samsi,,local_unit,NP0218,2017-03-10,,ADM3_PCODE=NP0218402
NP0218403,Ekadara,,local_unit,NP0218,2017-03-10,,ADM3_PCODE=NP0218403
NP0218404,Mahottari,,local_unit,NP0218,2017-03-10,,ADM3_PCODE=NP0218404
NP0218405,Pipara,,local_unit,NP0218,2017-03-10,,ADM3_PCODE=NP0218405
NP0219301,Bagmati,,local_unit,NP0219,2017-03-10,,ADM3_PCODE=NP0219301
NP0219302,Hariwan,,local_unit,NP0219,2017-03-10,,ADM3_PCODE=NP0219302
NP0219303,Lalbandi,,local_unit,NP0219,2017-03-10,,ADM3_PCODE=NP0219303
NP0219304,Barahathawa,,local_unit,NP0219,2017-03-10,,ADM3_PCODE=NP0219304
NP0219305,Haripur,,local_unit,NP0219,2017-03-10,,ADM3_PCODE=NP0219305
NP0219306,Ishworpur,,local_unit,NP0219,2017-03-10,,ADM3_PCODE=NP0219306
NP0219307,Kabilashi,,local_unit,NP0219,2017-03-10,,ADM3_PCODE=NP0219307
NP0219308,Godaita,,local_unit,NP0219,2017-03-10,,ADM3_PCODE=NP0219308
NP0219309,Malangawa,,local_unit,NP0219,2017-03-10,,ADM3_PCODE=NP0219309
NP0219310,Haripurwa,,local_unit,NP0219,2017-03-10,,ADM3_PCODE=NP0219310
NP0219311,Balara,,local_unit,NP0219,2017-03-10,,ADM3_PCODE=NP0219311
NP0219401,Basbariya,,local_unit,NP0219,2017-03-10,,ADM3_PCODE=NP0219401
NP0219402,Chandranagar,,local_unit,NP0219,2017-03-10,,ADM3_PCODE=NP0219402
NP0219403,Dhanakaul,,local_unit,NP0219,2017-03-10,,ADM3_PCODE=NP0219403
NP0219404,Chakraghatta,,local_unit,NP0219,2017-03-10,,ADM3_PCODE=NP0219404
NP0219405,Ramnagar,,local_unit,NP0219,2017-03-10,,ADM3_PCODE=NP0219405
NP0219406,Kaudena,,local_unit,NP0219,2017-03-10,,ADM3_PCODE=NP0219406
NP0219407,Brahmapuri,,local_unit,NP0219,2017-03-10,,ADM3_PCODE=NP0219407
NP0219408,Bishnu,,local_unit,NP0219,2017-03-10,,ADM3_PCODE=NP0219408
NP0219409,Parsa,,local_unit,NP0219,2017-03-10,,ADM3_PCODE=NP0219409
NP0232301,Gujara,,local_unit,NP0232,2017-03-10,,ADM3_PCODE=NP0232301
NP0232302,Chandrapur,,local_unit,NP0232,2017-03-10,,ADM3_PCODE=NP0232302
NP0232303,Phatuwa Bijayapur,,local_unit,NP0232,2017-03-10,,ADM3_PCODE=NP0232303
NP0232304,Katahariya,,local_unit,NP0232,2017-03-10,,ADM3_PCODE=NP0232304
NP0232305,Brindaban,,local_unit,NP0232,2017-03-10,,ADM3_PCODE=NP0232305
NP0232306,Maulapur,,local_unit,NP0232,2017-03-10,,ADM3_PCODE=NP0232306
NP0232307,Dewahi Gonahi,,local_unit,NP0232,2017-03-10,,ADM3_PCODE=NP0232307
NP0232308,Garuda,,local_unit,NP0232,2017-03-10,,ADM3_PCODE=NP0232308
NP0232309,Gadhimai,,local_unit,NP0232,2017-03-10,,ADM3_PCODE=NP0232309
NP0232310,Boudhimai,,local_unit,NP0232,2017-03-10,,ADM3_PCODE=NP0232310
NP0232311,Madhav Narayan,,local_unit,NP0232,2017-03-10,,ADM3_PCODE=NP0232311
NP0232312,Paroha,,local_unit,NP0232,2017-03-10,,ADM3_PCODE=NP0232312
NP0232313,Ishanath,,local_unit,NP0232,2017-03-10,,ADM3_PCODE=NP0232313
NP0232314,Rajpur,,local_unit,NP0232,2017-03-10,,ADM3_PCODE=NP0232314
NP0232315,Gaur,,local_unit,NP0232,2017-03-10,,ADM3_PCODE=NP0232315
NP0232316,Rajdevi,,local_unit,NP0232,2017-03-10,,ADM3_PCODE=NP0232316
NP0232401,Yamunamai,,local_unit,NP0232,2017-03-10,,ADM3_PCODE=NP0232401
NP0232402,Durga Bhagawati,,local_unit,NP0232,2017-03-10,,ADM3_PCODE=NP0232402
NP0233201,Jitpur Simara,,local_unit,NP0233,2017-03-10,,ADM3_PCODE=NP0233201
NP0233202,Kalaiya,,local_unit,NP0233,2017-03-10,,ADM3_PCODE=NP0233202
NP0233301,Nijagadh,,local_unit,NP0233,2017-03-10,,ADM3_PCODE=NP0233301
NP0233302,Kolhabi,,local_unit,NP0233,2017-03-10,,ADM3_PCODE=NP0233302
NP0233303,Mahagadhimai,,local_unit,NP0233,2017-03-10,,ADM3_PCODE=NP0233303
NP0233304,Pacharauta,,local_unit,NP0233,2017-03-10,,ADM3_PCODE=NP0233304
NP0233305,Simroungadh,,local_unit,NP0233,2017-03-10,,ADM3_PCODE=NP0233305
NP0233401,Parawanipur,,local_unit,NP0233,2017-03-10,,ADM3_PCODE=NP0233401
NP0233402,Prasauni,,local_unit,NP0233,2017-03-10,,ADM3_PCODE=NP0233402
NP0233403,Karaiyamai,,local_unit,NP0233,2017-03-10,,ADM3_PCODE=NP0233403
NP0233404,Bishrampur,,local_unit,NP0233,2017-03-10,,ADM3_PCODE=NP0233404
NP0233405,Pheta,,local_unit,NP0233,2017-03-10,,ADM3_PCODE=NP0233405
NP0233406,Baragadhi,,local_unit,NP0233,2017-03-10,,ADM3_PCODE=NP0233406
NP0233407,Devtal,,local_unit,NP0233,2017-03-10,,ADM3_PCODE=NP0233407
NP0233408,Subarna,,local_unit,NP0233,2017-03-10,,ADM3_PCODE=NP0233408
NP0233409,Aadarsha Kotwal,,local_unit,NP0233,2017-03-10,,ADM3_PCODE=NP0233409
NP0234101,Birgunj,,local_unit,NP0234,2017-03-10,,ADM3_PCODE=NP0234101
NP0234301,Pokhariya,,local_unit,NP0234,2017-03-10,,ADM3_PCODE=NP0234301
NP0234302,Bahudarmai,,local_unit,NP0234,2017-03-10,,ADM3_PCODE=NP0234302
NP0234303,Parsagadhi,,local_unit,NP0234,2017-03-10,,ADM3_PCODE=NP0234303
NP0234401,Thori,,local_unit,NP0234,2017-03-10,,ADM3_PCODE=NP0234401
NP0234402,Jirabhawani,,local_unit,NP0234,2017-03-10,,ADM3_PCODE=NP0234402
NP0234403,Paterwa Sugauli,,local_unit,NP0234,2017-03-10,,ADM3_PCODE=NP0234403
NP0234404,Sakhuwa Prasauni,,local_unit,NP0234,2017-03-10,,ADM3_PCODE=NP0234404
NP0234405,Jagarnathpur,,local_unit,NP0234,2017-03-10,,ADM3_PCODE=NP0234405
NP0234406,Dhobini,,local_unit,NP0234,2017-03-10,,ADM3_PCODE=NP0234406
NP0234407,Chhipaharmai,,local_unit,NP0234,2017-03-10,,ADM3_PCODE=NP0234407
NP0234408,Kalikamai,,local_unit,NP0234,2017-03-10,,ADM3_PCODE=NP0234408
NP0234409,Pakaha Mainpur,,local_unit,NP0234,2017-03-10,,ADM3_PCODE=NP0234409
NP0234410,Bindabasini,,local_unit,NP0234,2017-03-10,,ADM3_PCODE=NP0234410
NP0320301,Kamalamai,,local_unit,NP0320,2017-03-10,,ADM3_PCODE=NP0320301
NP0320302,Dudhouli,,local_unit,NP0320,2017-03-10,,ADM3_PCODE=NP0320302
NP0320401,Hariharpurgaghi,,local_unit,NP0320,2017-03-10,,ADM3_PCODE=NP0320401
NP0320402,Marin,,local_unit,NP0320,2017-03-10,,ADM3_PCODE=NP0320402
NP0320403,Ghyanglekha,,local_unit,NP0320,2017-03-10,,ADM3_PCODE=NP0320403
NP0320404,Sunkoshi,,local_unit,NP0320,2017-03-10,,ADM3_PCODE=NP0320404
NP0320405,Golanjor,,local_unit,NP0320,2017-03-10,,ADM3_PCODE=NP0320405
NP0320406,Tinpatan,,local_unit,NP0320,2017-03-10,,ADM3_PCODE=NP0320406
NP0320407,Phikkal,,local_unit,NP0320,2017-03-10,,ADM3_PCODE=NP0320407
NP0321301,Manthali,,local_unit,NP0321,2017-03-10,,ADM3_PCODE=NP0321301
NP0321302,Ramechhap,,local_unit,NP0321,2017-03-10,,ADM3_PCODE=NP0321302
NP0321401,Sunapati,,local_unit,NP0321,2017-03-10,,ADM3_PCODE=NP0321401
NP0321402,Doramba,,local_unit,NP0321,2017-03-10,,ADM3_PCODE=NP0321402
NP0321403,Gokulganga,,local_unit,NP0321,2017-03-10,,ADM3_PCODE=NP0321403
NP0321404,Umakunda,,local_unit,NP0321,2017-03-10,,ADM3_PCODE=NP0321404
NP0321405,Khandadevi,,local_unit,NP0321,2017-03-10,,ADM3_PCODE=NP0321405
NP0321406,Likhu Tamakoshi,,local_unit,NP0321,2017-03-10,,ADM3_PCODE=NP0321406
NP0322301,Bhimeshwor,,local_unit,NP0322,2017-03-10,,ADM3_PCODE=NP0322301
NP0322302,Jiri,,local_unit,NP0322,2017-03-10,,ADM3_PCODE=NP0322302
NP0322401,Bigu,,local_unit,NP0322,2017-03-10,,ADM3_PCODE=NP0322401
NP0322402,Gaurishankar,,local_unit,NP0322,2017-03-10,,ADM3_PCODE=NP0322402
NP0322403,Kalinchowk,,local_unit,NP0322,2017-03-10,,ADM3_PCODE=NP0322403
NP0322404,Baiteshwor,,local_unit,NP0322,2017-03-10,,ADM3_PCODE=NP0322404
NP0322405,Shailung,,local_unit,NP0322,2017-03-10,,ADM3_PCODE=NP0322405
NP0322406,Melung,,local_unit,NP0322,2017-03-10,,ADM3_PCODE=NP0322406
NP0322407,Tamakoshi,,local_unit,NP0322,2017-03-10,,ADM3_PCODE=NP0322407
NP0323301,Melamchi,,local_unit,NP0323,2017-03-10,,ADM3_PCODE=NP0323301
NP0323302,Choutara Sangachowkgadhi,,local_unit,NP0323,2017-03-10,,ADM3_PCODE=NP0323302
NP0323303,Bahrabise,,local_unit,NP0323,2017-03-10,,ADM3_PCODE=NP0323303
NP0323401,Helambu,,local_unit,NP0323,2017-03-10,,ADM3_PCODE=NP0323401
NP0323402,Panchpokhari Thangpal,,local_unit,NP0323,2017-03-10,,ADM3_PCODE=NP0323402
NP0323403,Jugal,,local_unit,NP0323,2017-03-10,,ADM3_PCODE=NP0323403
NP0323404,Bhotekoshi,,local_unit,NP0323,2017-03-10,,ADM3_PCODE=NP0323404
NP0323405,Indrawoti,,local_unit,NP0323,2017-03-10,,ADM3_PCODE=NP0323405
NP0323406,Balephi,,local_unit,NP0323,2017-03-10,,ADM3_PCODE=NP0323406
NP0323407,Sunkoshi,,local_unit,NP0323,2017-03-10,,ADM3_PCODE=NP0323407
NP0323408,Tripurasundari,,local_unit,NP0323,2017-03-10,,ADM3_PCODE=NP0323408
NP0323409,Lisankhu Pakhar,,local_unit,NP0323,2017-03-10,,ADM3_PCODE=NP0323409
NP0324301,Mandan Deupur,,local_unit,NP0324,2017-03-10,,ADM3_PCODE=NP0324301
NP0324302,Banepa,,local_unit,NP0324,2017-03-10,,ADM3_PCODE=NP0324302
NP0324303,Dhulikhel,,local_unit,NP0324,2017-03-10,,ADM3_PCODE=NP0324303
NP0324304,Panchkhal,,local_unit,NP0324,2017-03-10,,ADM3_PCODE=NP0324304
NP0324305,Panauti,,local_unit,NP0324,2017-03-10,,ADM3_PCODE=NP0324305
NP0324306,Namobuddha,,local_unit,NP0324,2017-03-10,,ADM3_PCODE=NP0324306
NP0324401,Bhumlu,,local_unit,NP0324,2017-03-10,,ADM3_PCODE=NP0324401
NP0324402,Chauri Deurali,,local_unit,NP0324,2017-03-10,,ADM3_PCODE=NP0324402
NP0324403,Bethanchowk,,local_unit,NP0324,2017-03-10,,ADM3_PCODE=NP0324403
NP0324404,Roshi,,local_unit,NP0324,2017-03-10,,ADM3_PCODE=NP0324404
NP0324405,Temal,,local_unit,NP0324,2017-03-10,,ADM3_PCODE=NP0324405
NP0324406,Khanikhola,,local_unit,NP0324,2017-03-10,,ADM3_PCODE=NP0324406
NP0324407,Mahabharat,,local_unit,NP0324,2017-03-10,,ADM3_PCODE=NP0324407
NP0325101,Lalitpur,,local_unit,NP0325,2017-03-10,,ADM3_PCODE=NP0325101
NP0325301,Godawari,,local_unit,NP0325,2017-03-10,,ADM3_PCODE=NP0325301
NP0325302,Mahalaxmi,,local_unit,NP0325,2017-03-10,,ADM3_PCODE=NP0325302
NP0325401,Bagmati,,local_unit,NP0325,2017-03-10,,ADM3_PCODE=NP0325401
NP0325402,Konjyosom,,local_unit,NP0325,2017-03-10,,ADM3_PCODE=NP0325402
NP0325403,Mahankal,,local_unit,NP0325,2017-03-10,,ADM3_PCODE=NP0325403
NP0326301,Madhyapur Thimi,,local_unit,NP0326,2017-03-10,,ADM3_PCODE=NP0326301
NP0326302,Changunarayan,,local_unit,NP0326,2017-03-10,,ADM3_PCODE=NP0326302
NP0326303,Bhaktapur,,local_unit,NP0326,2017-03-10,,ADM3_PCODE=NP0326303
NP0326304,Suryabinayak,,local_unit,NP0326,2017-03-10,,ADM3_PCODE=NP0326304
NP0327101,Kathmandu,,local_unit,NP0327,2017-03-10,,ADM3_PCODE=NP0327101
NP0327301,Tarakeshwor,,local_unit,NP0327,2017-03-10,,ADM3_PCODE=NP0327301
NP0327302,Tokha,,local_unit,NP0327,2017-03-10,,ADM3_PCODE=NP0327302
NP0327303,Budhanilkhantha,,local_unit,NP0327,2017-03-10,,ADM3_PCODE=NP0327303
NP0327304,Gokarneshwor,,local_unit,NP0327,2017-03-10,,ADM3_PCODE=NP0327304
NP0327305,Nagarjun,,local_unit,NP0327,2017-03-10,,ADM3_PCODE=NP0327305
NP0327306,Kageshwori Manahara,,local_unit,NP0327,2017-03-10,,ADM3_PCODE=NP0327306
NP0327307,Shankharapur,,local_unit,NP0327,2017-03-10,,ADM3_PCODE=NP0327307
NP0327308,Chandragiri,,local_unit,NP0327,2017-03-10,,ADM3_PCODE=NP0327308
NP0327309,Kirtipur,,local_unit,NP0327,2017-03-10,,ADM3_PCODE=NP0327309
NP0327310,Dakshinkali,,local_unit,NP0327,2017-03-10,,ADM3_PCODE=NP0327310
NP0328301,Bidur,,local_unit,NP0328,2017-03-10,,ADM3_PCODE=NP0328301
NP0328302,Belkotgadhi,,local_unit,NP0328,2017-03-10,,ADM3_PCODE=NP0328302
NP0328401,Myagang,,local_unit,NP0328,2017-03-10,,ADM3_PCODE=NP0328401
NP0328402,Kispang,,local_unit,NP0328,2017-03-10,,ADM3_PCODE=NP0328402
NP0328403,Tarakeshwor,,local_unit,NP0328,2017-03-10,,ADM3_PCODE=NP0328403
NP0328404,Suryagadhi,,local_unit,NP0328,2017-03-10,,ADM3_PCODE=NP0328404
NP0328405,Tadi,,local_unit,NP0328,2017-03-10,,ADM3_PCODE=NP0328405
NP0328406,Likhu,,local_unit,NP0328,2017-03-10,,ADM3_PCODE=NP0328406
NP0328407,Panchakanya,,local_unit,NP0328,2017-03-10,,ADM3_PCODE=NP0328407
NP0328408,Dupcheshwor,,local_unit,NP0328,2017-03-10,,ADM3_PCODE=NP0328408
NP0328409,Kakani,,local_unit,NP0328,2017-03-10,,ADM3_PCODE=NP0328409
NP0328410,Shivapuri,,local_unit,NP0328,2017-03-10,,ADM3_PCODE=NP0328410
NP0329401,Aamachhodingmo,,local_unit,NP0329,2017-03-10,,ADM3_PCODE=NP0329401
NP0329402,Gosaikunda,,local_unit,NP0329,2017-03-10,,ADM3_PCODE=NP0329402
NP0329403,Uttargaya,,local_unit,NP0329,2017-03-10,,ADM3_PCODE=NP0329403
NP0329404,Kalika,,local_unit,NP0329,2017-03-10,,ADM3_PCODE=NP0329404
NP0329405,Naukunda,,local_unit,NP0329,2017-03-10,,ADM3_PCODE=NP0329405
NP0330301,Nilkhantha,,local_unit,NP0330,2017-03-10,,ADM3_PCODE=NP0330301
NP0330302,Dhunibenshi,,local_unit,NP0330,2017-03-10,,ADM3_PCODE=NP0330302
NP0330401,Rubi Valley,,local_unit,NP0330,2017-03-10,,ADM3_PCODE=NP0330401
NP0330402,Ganga Jamuna,,local_unit,NP0330,2017-03-10,,ADM3_PCODE=NP0330402
NP0330403,Khaniyabas,,local_unit,NP0330,2017-03-10,,ADM3_PCODE=NP0330403
NP0330404,Tripurasundari,,local_unit,NP0330,2017-03-10,,ADM3_PCODE=NP0330404
NP0330405,Netrawati Dabjong,,local_unit,NP0330,2017-03-10,,ADM3_PCODE=NP0330405
NP0330406,Jwalamukhi,,local_unit,NP0330,2017-03-10,,ADM3_PCODE=NP0330406
NP0330407,Siddhalek,,local_unit,NP0330,2017-03-10,,ADM3_PCODE=NP0330407
NP0330408,Benighat Rorang,,local_unit,NP0330,2017-03-10,,ADM3_PCODE=NP0330408
NP0330409,Gajuri,,local_unit,NP0330,2017-03-10,,ADM3_PCODE=NP0330409
NP0330410,Galchhi,,local_unit,NP0330,2017-03-10,,ADM3_PCODE=NP0330410
NP0330411,Thakre,,local_unit,NP0330,2017-03-10,,ADM3_PCODE=NP0330411
NP0331201,Hetauda,,local_unit,NP0331,2017-03-10,,ADM3_PCODE=NP0331201
NP0331301,Thaha,,local_unit,NP0331,2017-03-10,,ADM3_PCODE=NP0331301
NP0331401,Manahari,,local_unit,NP0331,2017-03-10,,ADM3_PCODE=NP0331401
NP0331402,Raksirang,,local_unit,NP0331,2017-03-10,,ADM3_PCODE=NP0331402
NP0331403,Kailash,,local_unit,NP0331,2017-03-10,,ADM3_PCODE=NP0331403
NP0331404,Bhimphedi,,local_unit,NP0331,2017-03-10,,ADM3_PCODE=NP0331404
NP0331405,Indrasarowar,,local_unit,NP0331,2017-03-10,,ADM3_PCODE=NP0331405
NP0331406,Makawanpurgadhi,,local_unit,NP0331,2017-03-10,,ADM3_PCODE=NP0331406
NP0331407,Bakaiya,,local_unit,NP0331,2017-03-10,,ADM3_PCODE=NP0331407
NP0331408,Bagmati,,local_unit,NP0331,2017-03-10,,ADM3_PCODE=NP0331408
NP0335101,Bharatpur,,local_unit,NP0335,2017-03-10,,ADM3_PCODE=NP0335101
NP0335301,Kalika,,local_unit,NP0335,2017-03-10,,ADM3_PCODE=NP0335301
NP0335302,Ratnanagar,,local_unit,NP0335,2017-03-10,,ADM3_PCODE=NP0335302
NP0335303,Khairahani,,local_unit,NP0335,2017-03-10,,ADM3_PCODE=NP0335303
NP0335304,Rapti,,local_unit,NP0335,2017-03-10,,ADM3_PCODE=NP0335304
NP0335305,Madi,,local_unit,NP0335,2017-03-10,,ADM3_PCODE=NP0335305
NP0335401,Ichchha Kamana,,local_unit,NP0335,2017-03-10,,ADM3_PCODE=NP0335401
NP0436301,Palungtar,,local_unit,NP0436,2017-03-10,,ADM3_PCODE=NP0436301
NP0436302,Gorkha,,local_unit,NP0436,2017-03-10,,ADM3_PCODE=NP0436302
NP0436401,Chumanubri,,local_unit,NP0436,2017-03-10,,ADM3_PCODE=NP0436401
NP0436402,Ajirkot,,local_unit,NP0436,2017-03-10,,ADM3_PCODE=NP0436402
NP0436403,Barpak Sulikot,,local_unit,NP0436,2017-03-10,,ADM3_PCODE=NP0436403
NP0436404,Dharche,,local_unit,NP0436,2017-03-10,,ADM3_PCODE=NP0436404
NP0436405,Siranchowk,,local_unit,NP0436,2017-03-10,,ADM3_PCODE=NP0436405
NP0436406,Aarughat,,local_unit,NP0436,2017-03-10,,ADM3_PCODE=NP0436406
NP0436407,Bhimsenthapa,,local_unit,NP0436,2017-03-10,,ADM3_PCODE=NP0436407
NP0436408,Shahid Lakhan,,local_unit,NP0436,2017-03-10,,ADM3_PCODE=NP0436408
NP0436409,Gandaki,,local_unit,NP0436,2017-03-10,,ADM3_PCODE=NP0436409
NP0437301,Madhya Nepal,,local_unit,NP0437,2017-03-10,,ADM3_PCODE=NP0437301
NP0437302,Bensishahar,,local_unit,NP0437,2017-03-10,,ADM3_PCODE=NP0437302
NP0437303,Sundarbazar,,local_unit,NP0437,2017-03-10,,ADM3_PCODE=NP0437303
NP0437304,Rainas,,local_unit,NP0437,2017-03-10,,ADM3_PCODE=NP0437304
NP0437401,Kwhola Sothar,,local_unit,NP0437,2017-03-10,,ADM3_PCODE=NP0437401
NP0437402,Marshyangdi,,local_unit,NP0437,2017-03-10,,ADM3_PCODE=NP0437402
NP0437403,Dordi,,local_unit,NP0437,2017-03-10,,ADM3_PCODE=NP0437403
NP0437404,Dudhapokhari,,local_unit,NP0437,2017-03-10,,ADM3_PCODE=NP0437404
NP0438401,Ngisyang,,local_unit,NP0438,2017-03-10,,ADM3_PCODE=NP0438401
NP0438402,Narpa Bhumi,,local_unit,NP0438,2017-03-10,,ADM3_PCODE=NP0438402
NP0438403,Chame,,local_unit,NP0438,2017-03-10,,ADM3_PCODE=NP0438403
NP0438404,Nason,,local_unit,NP0438,2017-03-10,,ADM3_PCODE=NP0438404
NP0439101,Pokhara,,local_unit,NP0439,2017-03-10,,ADM3_PCODE=NP0439101
NP0439401,Annapurna,,local_unit,NP0439,2017-03-10,,ADM3_PCODE=NP0439401
NP0439402,Machhapuchchhre,,local_unit,NP0439,2017-03-10,,ADM3_PCODE=NP0439402
NP0439403,Madi,,local_unit,NP0439,2017-03-10,,ADM3_PCODE=NP0439403
NP0439404,Rupa,,local_unit,NP0439,2017-03-10,,ADM3_PCODE=NP0439404
NP0440301,Shuklagandaki,,local_unit,NP0440,2017-03-10,,ADM3_PCODE=NP0440301
NP0440302,Byas,,local_unit,NP0440,2017-03-10,,ADM3_PCODE=NP0440302
NP0440303,Bhanu,,local_unit,NP0440,2017-03-10,,ADM3_PCODE=NP0440303
NP0440304,Bhimad,,local_unit,NP0440,2017-03-10,,ADM3_PCODE=NP0440304
NP0440401,Myagde,,local_unit,NP0440,2017-03-10,,ADM3_PCODE=NP0440401
NP0440402,Ghiring,,local_unit,NP0440,2017-03-10,,ADM3_PCODE=NP0440402
NP0440403,Rhishing,,local_unit,NP0440,2017-03-10,,ADM3_PCODE=NP0440403
NP0440404,Bandipur,,local_unit,NP0440,2017-03-10,,ADM3_PCODE=NP0440404
NP0440405,Aanbu Khaireni,,local_unit,NP0440,2017-03-10,,ADM3_PCODE=NP0440405
NP0440406,Devghat,,local_unit,NP0440,2017-03-10,,ADM3_PCODE=NP0440406
NP0441301,Putalibazar,,local_unit,NP0441,2017-03-10,,ADM3_PCODE=NP0441301
NP0441302,Bhirkot,,local_unit,NP0441,2017-03-10,,ADM3_PCODE=NP0441302
NP0441303,Galyang,,local_unit,NP0441,2017-03-10,,ADM3_PCODE=NP0441303
NP0441304,Walling,,local_unit,NP0441,2017-03-10,,ADM3_PCODE=NP0441304
NP0441305,Chapakot,,local_unit,NP0441,2017-03-10,,ADM3_PCODE=NP0441305
NP0441401,Aandhikhola,,local_unit,NP0441,2017-03-10,,ADM3_PCODE=NP0441401
NP0441402,Phedikhola,,local_unit,NP0441,2017-03-10,,ADM3_PCODE=NP0441402
NP0441403,Arjun Choupari,,local_unit,NP0441,2017-03-10,,ADM3_PCODE=NP0441403
NP0441404,Biruwa,,local_unit,NP0441,2017-03-10,,ADM3_PCODE=NP0441404
NP0441405,Harinas,,local_unit,NP0441,2017-03-10,,ADM3_PCODE=NP0441405
NP0441406,Kaligandaki,,local_unit,NP0441,2017-03-10,,ADM3_PCODE=NP0441406
NP0442301,Kushma,,local_unit,NP0442,2017-03-10,,ADM3_PCODE=NP0442301
NP0442302,Phalebas,,local_unit,NP0442,2017-03-10,,ADM3_PCODE=NP0442302
NP0442401,Jaljala,,local_unit,NP0442,2017-03-10,,ADM3_PCODE=NP0442401
NP0442402,Modi,,local_unit,NP0442,2017-03-10,,ADM3_PCODE=NP0442402
NP0442403,Bihadi,,local_unit,NP0442,2017-03-10,,ADM3_PCODE=NP0442403
NP0442404,Mahashila,,local_unit,NP0442,2017-03-10,,ADM3_PCODE=NP0442404
NP0442405,Paiyu,,local_unit,NP0442,2017-03-10,,ADM3_PCODE=NP0442405
NP0443301,Dhorpatan,,local_unit,NP0443,2017-03-10,,ADM3_PCODE=NP0443301
NP0443302,Galkot,,local_unit,NP0443,2017-03-10,,ADM3_PCODE=NP0443302
NP0443303,Baglung,,local_unit,NP0443,2017-03-10,,ADM3_PCODE=NP0443303
NP0443304,Jaimuni,,local_unit,NP0443,2017-03-10,,ADM3_PCODE=NP0443304
NP0443401,Nisikhola,,local_unit,NP0443,2017-03-10,,ADM3_PCODE=NP0443401
NP0443402,Tamankhola,,local_unit,NP0443,2017-03-10,,ADM3_PCODE=NP0443402
NP0443403,Badigad,,local_unit,NP0443,2017-03-10,,ADM3_PCODE=NP0443403
NP0443404,Tarakhola,,local_unit,NP0443,2017-03-10,,ADM3_PCODE=NP0443404
NP0443405,Kathekhola,,local_unit,NP0443,2017-03-10,,ADM3_PCODE=NP0443405
NP0443406,Bareng,,local_unit,NP0443,2017-03-10,,ADM3_PCODE=NP0443406
NP0444301,Beni,,local_unit,NP0444,2017-03-10,,ADM3_PCODE=NP0444301
NP0444401,Dhawalagiri,,local_unit,NP0444,2017-03-10,,ADM3_PCODE=NP0444401
NP0444402,Raghuganga,,local_unit,NP0444,2017-03-10,,ADM3_PCODE=NP0444402
NP0444403,Annapurna,,local_unit,NP0444,2017-03-10,,ADM3_PCODE=NP0444403
NP0444404,Malika,,local_unit,NP0444,2017-03-10,,ADM3_PCODE=NP0444404
NP0444405,Mangala,,local_unit,NP0444,2017-03-10,,ADM3_PCODE=NP0444405
NP0445401,Lomanthang,,local_unit,NP0445,2017-03-10,,ADM3_PCODE=NP0445401
NP0445402,Lo Ghekar Damodarkunda,,local_unit,NP0445,2017-03-10,,ADM3_PCODE=NP0445402
NP0445403,Varagung Muktichhetra,,local_unit,NP0445,2017-03-10,,ADM3_PCODE=NP0445403
NP0445404,Gharpajhong,,local_unit,NP0445,2017-03-10,,ADM3_PCODE=NP0445404
NP0445405,Thasang,,local_unit,NP0445,2017-03-10,,ADM3_PCODE=NP0445405
NP0447301,Madhya Bindu,,local_unit,NP0447,2017-03-10,,ADM3_PCODE=NP0447301
NP0447302,Kawasoti,,local_unit,NP0447,2017-03-10,,ADM3_PCODE=NP0447302
NP0447303,Devchuli,,local_unit,NP0447,2017-03-10,,ADM3_PCODE=NP0447303
NP0447304,Gaidakot,,local_unit,NP0447,2017-03-10,,ADM3_PCODE=NP0447304
NP0447401,Baudikali,,local_unit,NP0447,2017-03-10,,ADM3_PCODE=NP0447401
NP0447402,Bulingtar,,local_unit,NP0447,2017-03-10,,ADM3_PCODE=NP0447402
NP0447403,Hupsekot,,local_unit,NP0447,2017-03-10,,ADM3_PCODE=NP0447403
NP0447404,Binayi Tribeni,,local_unit,NP0447,2017-03-10,,ADM3_PCODE=NP0447404
NP0546301,Tansen,,local_unit,NP0546,2017-03-10,,ADM3_PCODE=NP0546301
NP0546302,Rampur,,local_unit,NP0546,2017-03-10,,ADM3_PCODE=NP0546302
NP0546401,Rainadevi Chhahara,,local_unit,NP0546,2017-03-10,,ADM3_PCODE=NP0546401
NP0546402,Tinau,,local_unit,NP0546,2017-03-10,,ADM3_PCODE=NP0546402
NP0546403,Ribdikot,,local_unit,NP0546,2017-03-10,,ADM3_PCODE=NP0546403
NP0546404,Mathagadhi,,local_unit,NP0546,2017-03-10,,ADM3_PCODE=NP0546404
NP0546405,Baganaskali,,local_unit,NP0546,2017-03-10,,ADM3_PCODE=NP0546405
NP0546406,Purbakhola,,local_unit,NP0546,2017-03-10,,ADM3_PCODE=NP0546406
NP0546407,Rambha,,local_unit,NP0546,2017-03-10,,ADM3_PCODE=NP0546407
NP0546408,Nisdi,,local_unit,NP0546,2017-03-10,,ADM3_PCODE=NP0546408
NP0547301,Sunawal,,local_unit,NP0547,2017-03-10,,ADM3_PCODE=NP0547301
NP0547302,Bardaghat,,local_unit,NP0547,2017-03-10,,ADM3_PCODE=NP0547302
NP0547303,Ramgram,,local_unit,NP0547,2017-03-10,,ADM3_PCODE=NP0547303
NP0547401,Palhinandan,,local_unit,NP0547,2017-03-10,,ADM3_PCODE=NP0547401
NP0547402,Sarawal,,local_unit,NP0547,2017-03-10,,ADM3_PCODE=NP0547402
NP0547403,Pratapapur,,local_unit,NP0547,2017-03-10,,ADM3_PCODE=NP0547403
NP0547404,Susta,,local_unit,NP0547,2017-03-10,,ADM3_PCODE=NP0547404
NP0548201,Butwal,,local_unit,NP0548,2017-03-10,,ADM3_PCODE=NP0548201
NP0548301,Sainamaina,,local_unit,NP0548,2017-03-10,,ADM3_PCODE=NP0548301
NP0548302,Devdaha,,local_unit,NP0548,2017-03-10,,ADM3_PCODE=NP0548302
NP0548303,Tilottama,,local_unit,NP0548,2017-03-10,,ADM3_PCODE=NP0548303
NP0548304,Lumbini Sanskritik,,local_unit,NP0548,2017-03-10,,ADM3_PCODE=NP0548304
NP0548305,Siddharthanagar,,local_unit,NP0548,2017-03-10,,ADM3_PCODE=NP0548305
NP0548401,Kanchan,,local_unit,NP0548,2017-03-10,,ADM3_PCODE=NP0548401
NP0548402,Suddhodhan,,local_unit,NP0548,2017-03-10,,ADM3_PCODE=NP0548402
NP0548403,Gaidahawa,,local_unit,NP0548,2017-03-10,,ADM3_PCODE=NP0548403
NP0548404,Siyari,,local_unit,NP0548,2017-03-10,,ADM3_PCODE=NP0548404
NP0548405,Mayadevi,,local_unit,NP0548,2017-03-10,,ADM3_PCODE=NP0548405
NP0548406,Om Satiya,,local_unit,NP0548,2017-03-10,,ADM3_PCODE=NP0548406
NP0548407,Rohini,,local_unit,NP0548,2017-03-10,,ADM3_PCODE=NP0548407
NP0548408,Kotahimai,,local_unit,NP0548,2017-03-10,,ADM3_PCODE=NP0548408
NP0548409,Sammarimai,,local_unit,NP0548,2017-03-10,,ADM3_PCODE=NP0548409
NP0548410,Marchawari,,local_unit,NP0548,2017-03-10,,ADM3_PCODE=NP0548410
NP0549301,Shivaraj,,local_unit,NP0549,2017-03-10,,ADM3_PCODE=NP0549301
NP0549302,Buddhabhumi,,local_unit,NP0549,2017-03-10,,ADM3_PCODE=NP0549302
NP0549303,Banganga,,local_unit,NP0549,2017-03-10,,ADM3_PCODE=NP0549303
NP0549304,Krishnanagar,,local_unit,NP0549,2017-03-10,,ADM3_PCODE=NP0549304
NP0549305,Maharajganj,,local_unit,NP0549,2017-03-10,,ADM3_PCODE=NP0549305
NP0549306,Kapilbastu,,local_unit,NP0549,2017-03-10,,ADM3_PCODE=NP0549306
NP0549401,Bijayanagar,,local_unit,NP0549,2017-03-10,,ADM3_PCODE=NP0549401
NP0549402,Yasodhara,,local_unit,NP0549,2017-03-10,,ADM3_PCODE=NP0549402
NP0549403,Mayadevi,,local_unit,NP0549,2017-03-10,,ADM3_PCODE=NP0549403
NP0549404,Shuddhodhan,,local_unit,NP0549,2017-03-10,,ADM3_PCODE=NP0549404
NP0550301,Bhumikasthan,,local_unit,NP0550,2017-03-10,,ADM3_PCODE=NP0550301
NP0550302,Sandhikharka,,local_unit,NP0550,2017-03-10,,ADM3_PCODE=NP0550302
NP0550303,Shitaganga,,local_unit,NP0550,2017-03-10,,ADM3_PCODE=NP0550303
NP0550401,Malarani,,local_unit,NP0550,2017-03-10,,ADM3_PCODE=NP0550401
NP0550402,Chhatradev,,local_unit,NP0550,2017-03-10,,ADM3_PCODE=NP0550402
NP0550403,Panini,,local_unit,NP0550,2017-03-10,,ADM3_PCODE=NP0550403
NP0551301,Musikot,,local_unit,NP0551,2017-03-10,,ADM3_PCODE=NP0551301
NP0551302,Resunga,,local_unit,NP0551,2017-03-10,,ADM3_PCODE=NP0551302
NP0551401,Madane,,local_unit,NP0551,2017-03-10,,ADM3_PCODE=NP0551401
NP0551402,Malika,,local_unit,NP0551,2017-03-10,,ADM3_PCODE=NP0551402
NP0551403,Dhurkot,,local_unit,NP0551,2017-03-10,,ADM3_PCODE=NP0551403
NP0551404,Isma,,local_unit,NP0551,2017-03-10,,ADM3_PCODE=NP0551404
NP0551405,Gulmi Durbar,,local_unit,NP0551,2017-03-10,,ADM3_PCODE=NP0551405
NP0551406,Chandrakot,,local_unit,NP0551,2017-03-10,,ADM3_PCODE=NP0551406
NP0551407,Chhatrakot,,local_unit,NP0551,2017-03-10,,ADM3_PCODE=NP0551407
NP0551408,Ruruchhetra,,local_unit,NP0551,2017-03-10,,ADM3_PCODE=NP0551408
NP0551409,Satyawoti,,local_unit,NP0551,2017-03-10,,ADM3_PCODE=NP0551409
NP0551410,Kali Gandaki,,local_unit,NP0551,2017-03-10,,ADM3_PCODE=NP0551410
NP0552401,Sisne,,local_unit,NP0552,2017-03-10,,ADM3_PCODE=NP0552401
NP0552402,Putha Uttanganga,,local_unit,NP0552,2017-03-10,,ADM3_PCODE=NP0552402
NP0552403,Bhoome,,local_unit,NP0552,2017-03-10,,ADM3_PCODE=NP0552403
NP0554301,Rolpa,,local_unit,NP0554,2017-03-10,,ADM3_PCODE=NP0554301
NP0554401,Gangadev,,local_unit,NP0554,2017-03-10,,ADM3_PCODE=NP0554401
NP0554402,Pariwartan,,local_unit,NP0554,2017-03-10,,ADM3_PCODE=NP0554402
NP0554403,Thawang,,local_unit,NP0554,2017-03-10,,ADM3_PCODE=NP0554403
NP0554404,Madi,,local_unit,NP0554,2017-03-10,,ADM3_PCODE=NP0554404
NP0554405,Sunchhahari,,local_unit,NP0554,2017-03-10,,ADM3_PCODE=NP0554405
NP0554406,Tribeni,,local_unit,NP0554,2017-03-10,,ADM3_PCODE=NP0554406
NP0554407,Sunil Smriti,,local_unit,NP0554,2017-03-10,,ADM3_PCODE=NP0554407
NP0554408,Lungri,,local_unit,NP0554,2017-03-10,,ADM3_PCODE=NP0554408
NP0554409,Runtigadhi,,local_unit,NP0554,2017-03-10,,ADM3_PCODE=NP0554409
NP0555301,Sworgadwari,,local_unit,NP0555,2017-03-10,,ADM3_PCODE=NP0555301
NP0555302,Pyuthan,,local_unit,NP0555,2017-03-10,,ADM3_PCODE=NP0555302
NP0555401,Naubahini,,local_unit,NP0555,2017-03-10,,ADM3_PCODE=NP0555401
NP0555402,Gaumukhi,,local_unit,NP0555,2017-03-10,,ADM3_PCODE=NP0555402
NP0555403,Jhimaruk,,local_unit,NP0555,2017-03-10,,ADM3_PCODE=NP0555403
NP0555404,Mandavi,,local_unit,NP0555,2017-03-10,,ADM3_PCODE=NP0555404
NP0555405,Mallarani,,local_unit,NP0555,2017-03-10,,ADM3_PCODE=NP0555405
NP0555406,Sarumarani,,local_unit,NP0555,2017-03-10,,ADM3_PCODE=NP0555406
NP0555407,Aairawati,,local_unit,NP0555,2017-03-10,,ADM3_PCODE=NP0555407
NP0556201,Tulsipur,,local_unit,NP0556,2017-03-10,,ADM3_PCODE=NP0556201
NP0556202,Ghorahi,,local_unit,NP0556,2017-03-10,,ADM3_PCODE=NP0556202
NP0556301,Lamahi,,local_unit,NP0556,2017-03-10,,ADM3_PCODE=NP0556301
NP0556401,Babai,,local_unit,NP0556,2017-03-10,,ADM3_PCODE=NP0556401
NP0556402,Dangisharan,,local_unit,NP0556,2017-03-10,,ADM3_PCODE=NP0556402
NP0556403,Shantinagar,,local_unit,NP0556,2017-03-10,,ADM3_PCODE=NP0556403
NP0556404,Rajpur,,local_unit,NP0556,2017-03-10,,ADM3_PCODE=NP0556404
NP0556405,Bangalachuli,,local_unit,NP0556,2017-03-10,,ADM3_PCODE=NP0556405
NP0556406,Gadhawa,,local_unit,NP0556,2017-03-10,,ADM3_PCODE=NP0556406
NP0556407,Rapti,,local_unit,NP0556,2017-03-10,,ADM3_PCODE=NP0556407
NP0557201,Nepalganj,,local_unit,NP0557,2017-03-10,,ADM3_PCODE=NP0557201
NP0557301,Kohalpur,,local_unit,NP0557,2017-03-10,,ADM3_PCODE=NP0557301
NP0557401,Khajura,,local_unit,NP0557,2017-03-10,,ADM3_PCODE=NP0557401
NP0557402,Baijanath,,local_unit,NP0557,2017-03-10,,ADM3_PCODE=NP0557402
NP0557403,Janaki,,local_unit,NP0557,2017-03-10,,ADM3_PCODE=NP0557403
NP0557404,Duduwa,,local_unit,NP0557,2017-03-10,,ADM3_PCODE=NP0557404
NP0557405,Rapti Sonari,,local_unit,NP0557,2017-03-10,,ADM3_PCODE=NP0557405
NP0557406,Narainapur,,local_unit,NP0557,2017-03-10,,ADM3_PCODE=NP0557406
NP0558301,Rajapur,,local_unit,NP0558,2017-03-10,,ADM3_PCODE=NP0558301
NP0558302,Madhuwan,,local_unit,NP0558,2017-03-10,,ADM3_PCODE=NP0558302
NP0558303,Thakurbaba,,local_unit,NP0558,2017-03-10,,ADM3_PCODE=NP0558303
NP0558304,Gulariya,,local_unit,NP0558,2017-03-10,,ADM3_PCODE=NP0558304
NP0558305,Barbardiya,,local_unit,NP0558,2017-03-10,,ADM3_PCODE=NP0558305
NP0558306,Bansgadhi,,local_unit,NP0558,2017-03-10,,ADM3_PCODE=NP0558306
NP0558401,Geruwa,,local_unit,NP0558,2017-03-10,,ADM3_PCODE=NP0558401
NP0558402,Badhaiyatal,,local_unit,NP0558,2017-03-10,,ADM3_PCODE=NP0558402
NP0652301,Aathabisakot,,local_unit,NP0652,2017-03-10,,ADM3_PCODE=NP0652301
NP0652302,Chaurjahari,,local_unit,NP0652,2017-03-10,,ADM3_PCODE=NP0652302
NP0652303,Musikot,,local_unit,NP0652,2017-03-10,,ADM3_PCODE=NP0652303
NP0652401,Sanibheri,,local_unit,NP0652,2017-03-10,,ADM3_PCODE=NP0652401
NP0652402,Banphikot,,local_unit,NP0652,2017-03-10,,ADM3_PCODE=NP0652402
NP0652403,Tribeni,,local_unit,NP0652,2017-03-10,,ADM3_PCODE=NP0652403
NP0653301,Banagad Kupinde,,local_unit,NP0653,2017-03-10,,ADM3_PCODE=NP0653301
NP0653302,Bagachour,,local_unit,NP0653,2017-03-10,,ADM3_PCODE=NP0653302
NP0653303,Sharada,,local_unit,NP0653,2017-03-10,,ADM3_PCODE=NP0653303
NP0653401,Kumakh,,local_unit,NP0653,2017-03-10,,ADM3_PCODE=NP0653401
NP0653402,Darma,,local_unit,NP0653,2017-03-10,,ADM3_PCODE=NP0653402
NP0653403,Siddha Kumakh,,local_unit,NP0653,2017-03-10,,ADM3_PCODE=NP0653403
NP0653404,Kalimati,,local_unit,NP0653,2017-03-10,,ADM3_PCODE=NP0653404
NP0653405,Chhatreshwori,,local_unit,NP0653,2017-03-10,,ADM3_PCODE=NP0653405
NP0653406,Tribeni,,local_unit,NP0653,2017-03-10,,ADM3_PCODE=NP0653406
NP0653407,Kapurkot,,local_unit,NP0653,2017-03-10,,ADM3_PCODE=NP0653407
NP0659301,Panchapuri,,local_unit,NP0659,2017-03-10,,ADM3_PCODE=NP0659301
NP0659302,Bheriganga,,local_unit,NP0659,2017-03-10,,ADM3_PCODE=NP0659302
NP0659303,Birendranagar,,local_unit,NP0659,2017-03-10,,ADM3_PCODE=NP0659303
NP0659304,Lekabeshi,,local_unit,NP0659,2017-03-10,,ADM3_PCODE=NP0659304
NP0659305,Gurbhakot,,local_unit,NP0659,2017-03-10,,ADM3_PCODE=NP0659305
NP0659401,Chaukune,,local_unit,NP0659,2017-03-10,,ADM3_PCODE=NP0659401
NP0659402,Barahatal,,local_unit,NP0659,2017-03-10,,ADM3_PCODE=NP0659402
NP0659403,Chingad,,local_unit,NP0659,2017-03-10,,ADM3_PCODE=NP0659403
NP0659404,Simta,,local_unit,NP0659,2017-03-10,,ADM3_PCODE=NP0659404
NP0660301,Chhedagad,,local_unit,NP0660,2017-03-10,,ADM3_PCODE=NP0660301
NP0660302,Bheri Malika,,local_unit,NP0660,2017-03-10,,ADM3_PCODE=NP0660302
NP0660303,Nalgad,,local_unit,NP0660,2017-03-10,,ADM3_PCODE=NP0660303
NP0660401,Junichande,,local_unit,NP0660,2017-03-10,,ADM3_PCODE=NP0660401
NP0660402,Kuse,,local_unit,NP0660,2017-03-10,,ADM3_PCODE=NP0660402
NP0660403,Barekot,,local_unit,NP0660,2017-03-10,,ADM3_PCODE=NP0660403
NP0660404,Shivalaya,,local_unit,NP0660,2017-03-10,,ADM3_PCODE=NP0660404
NP0661301,Aathbis,,local_unit,NP0661,2017-03-10,,ADM3_PCODE=NP0661301
NP0661302,Chamunda Bindrasaini,,local_unit,NP0661,2017-03-10,,ADM3_PCODE=NP0661302
NP0661303,Dullu,,local_unit,NP0661,2017-03-10,,ADM3_PCODE=NP0661303
NP0661304,Narayan,,local_unit,NP0661,2017-03-10,,ADM3_PCODE=NP0661304
NP0661401,Thantikandh,,local_unit,NP0661,2017-03-10,,ADM3_PCODE=NP0661401
NP0661402,Bhairabi,,local_unit,NP0661,2017-03-10,,ADM3_PCODE=NP0661402
NP0661403,Mahabu,,local_unit,NP0661,2017-03-10,,ADM3_PCODE=NP0661403
NP0661404,Naumule,,local_unit,NP0661,2017-03-10,,ADM3_PCODE=NP0661404
NP0661405,Gurans,,local_unit,NP0661,2017-03-10,,ADM3_PCODE=NP0661405
NP0661406,Dungeshwor,,local_unit,NP0661,2017-03-10,,ADM3_PCODE=NP0661406
NP0661407,Bhagawatimai,,local_unit,NP0661,2017-03-10,,ADM3_PCODE=NP0661407
NP0662301,Tripurasundari,,local_unit,NP0662,2017-03-10,,ADM3_PCODE=NP0662301
NP0662302,Thulibheri,,local_unit,NP0662,2017-03-10,,ADM3_PCODE=NP0662302
NP0662401,Shey Phoksundo,,local_unit,NP0662,2017-03-10,,ADM3_PCODE=NP0662401
NP0662402,Jagadulla,,local_unit,NP0662,2017-03-10,,ADM3_PCODE=NP0662402
NP0662403,Dolpo Buddha,,local_unit,NP0662,2017-03-10,,ADM3_PCODE=NP0662403
NP0662404,Mudkechula,,local_unit,NP0662,2017-03-10,,ADM3_PCODE=NP0662404
NP0662405,Kaike,,local_unit,NP0662,2017-03-10,,ADM3_PCODE=NP0662405
NP0662406,Chharka Tangsong,,local_unit,NP0662,2017-03-10,,ADM3_PCODE=NP0662406
NP0663301,Chandannath,,local_unit,NP0663,2017-03-10,,ADM3_PCODE=NP0663301
NP0663401,Kanaka Sundari,,local_unit,NP0663,2017-03-10,,ADM3_PCODE=NP0663401
NP0663402,Sinja,,local_unit,NP0663,2017-03-10,,ADM3_PCODE=NP0663402
NP0663403,Patarasi,,local_unit,NP0663,2017-03-10,,ADM3_PCODE=NP0663403
NP0663404,Hima,,local_unit,NP0663,2017-03-10,,ADM3_PCODE=NP0663404
NP0663405,Tila,,local_unit,NP0663,2017-03-10,,ADM3_PCODE=NP0663405
NP0663406,Tatopani,,local_unit,NP0663,2017-03-10,,ADM3_PCODE=NP0663406
NP0663407,Guthichaur,,local_unit,NP0663,2017-03-10,,ADM3_PCODE=NP0663407
NP0664301,Raskot,,local_unit,NP0664,2017-03-10,,ADM3_PCODE=NP0664301
NP0664302,Khandachakra,,local_unit,NP0664,2017-03-10,,ADM3_PCODE=NP0664302
NP0664303,Tilagupha,,local_unit,NP0664,2017-03-10,,ADM3_PCODE=NP0664303
NP0664401,Naraharinath,,local_unit,NP0664,2017-03-10,,ADM3_PCODE=NP0664401
NP0664402,Sanni Tribeni,,local_unit,NP0664,2017-03-10,,ADM3_PCODE=NP0664402
NP0664403,Pachal Jharana,,local_unit,NP0664,2017-03-10,,ADM3_PCODE=NP0664403
NP0664404,Palata,,local_unit,NP0664,2017-03-10,,ADM3_PCODE=NP0664404
NP0664405,Shuva Kalika,,local_unit,NP0664,2017-03-10,,ADM3_PCODE=NP0664405
NP0664406,Mahawai,,local_unit,NP0664,2017-03-10,,ADM3_PCODE=NP0664406
NP0665301,Chhayanath Rara,,local_unit,NP0665,2017-03-10,,ADM3_PCODE=NP0665301
NP0665401,Khatyad,,local_unit,NP0665,2017-03-10,,ADM3_PCODE=NP0665401
NP0665402,Soru,,local_unit,NP0665,2017-03-10,,ADM3_PCODE=NP0665402
NP0665403,Mugumakarmarog,,local_unit,NP0665,2017-03-10,,ADM3_PCODE=NP0665403
NP0666401,Namkha,,local_unit,NP0666,2017-03-10,,ADM3_PCODE=NP0666401
NP0666402,Simkot,,local_unit,NP0666,2017-03-10,,ADM3_PCODE=NP0666402
NP0666403,Kharpunath,,local_unit,NP0666,2017-03-10,,ADM3_PCODE=NP0666403
NP0666404,Sarkegad,,local_unit,NP0666,2017-03-10,,ADM3_PCODE=NP0666404
NP0666405,Chankheli,,local_unit,NP0666,2017-03-10,,ADM3_PCODE=NP0666405
NP0666406,Tanjakot,,local_unit,NP0666,2017-03-10,,ADM3_PCODE=NP0666406
NP0666407,Adanchuli,,local_unit,NP0666,2017-03-10,,ADM3_PCODE=NP0666407
NP0767301,Bungal,,local_unit,NP0767,2017-03-10,,ADM3_PCODE=NP0767301
NP0767302,Jayaprithbi,,local_unit,NP0767,2017-03-10,,ADM3_PCODE=NP0767302
NP0767401,Saipal,,local_unit,NP0767,2017-03-10,,ADM3_PCODE=NP0767401
NP0767402,Surma,,local_unit,NP0767,2017-03-10,,ADM3_PCODE=NP0767402
NP0767403,Talkot,,local_unit,NP0767,2017-03-10,,ADM3_PCODE=NP0767403
NP0767404,Bitthadchir,,local_unit,NP0767,2017-03-10,,ADM3_PCODE=NP0767404
NP0767405,Kedarsyun,,local_unit,NP0767,2017-03-10,,ADM3_PCODE=NP0767405
NP0767406,Durgathali,,local_unit,NP0767,2017-03-10,,ADM3_PCODE=NP0767406
NP0767407,Chhabis Pathibhara,,local_unit,NP0767,2017-03-10,,ADM3_PCODE=NP0767407
NP0767408,Masta,,local_unit,NP0767,2017-03-10,,ADM3_PCODE=NP0767408
NP0767409,Thalara,,local_unit,NP0767,2017-03-10,,ADM3_PCODE=NP0767409
NP0767410,Khaptad Chhanna,,local_unit,NP0767,2017-03-10,,ADM3_PCODE=NP0767410
NP0768301,Budhinanda,,local_unit,NP0768,2017-03-10,,ADM3_PCODE=NP0768301
NP0768302,Badimalika,,local_unit,NP0768,2017-03-10,,ADM3_PCODE=NP0768302
NP0768303,Budhiganga,,local_unit,NP0768,2017-03-10,,ADM3_PCODE=NP0768303
NP0768304,Tribeni,,local_unit,NP0768,2017-03-10,,ADM3_PCODE=NP0768304
NP0768401,Himali,,local_unit,NP0768,2017-03-10,,ADM3_PCODE=NP0768401
NP0768402,Gaumul,,local_unit,NP0768,2017-03-10,,ADM3_PCODE=NP0768402
NP0768403,Khaptad Chhededaha,,local_unit,NP0768,2017-03-10,,ADM3_PCODE=NP0768403
NP0768404,Jagannath,,local_unit,NP0768,2017-03-10,,ADM3_PCODE=NP0768404
NP0768405,Swamikartik Khapar,,local_unit,NP0768,2017-03-10,,ADM3_PCODE=NP0768405
NP0769301,Sanphebagar,,local_unit,NP0769,2017-03-10,,ADM3_PCODE=NP0769301
NP0769302,Mangalsen,,local_unit,NP0769,2017-03-10,,ADM3_PCODE=NP0769302
NP0769303,Kamal bazar,,local_unit,NP0769,2017-03-10,,ADM3_PCODE=NP0769303
NP0769304,Panchdebal Binayak,,local_unit,NP0769,2017-03-10,,ADM3_PCODE=NP0769304
NP0769401,Chaurpati,,local_unit,NP0769,2017-03-10,,ADM3_PCODE=NP0769401
NP0769402,Mellekh,,local_unit,NP0769,2017-03-10,,ADM3_PCODE=NP0769402
NP0769403,Bannigadhi Jayagadh,,local_unit,NP0769,2017-03-10,,ADM3_PCODE=NP0769403
NP0769404,Ramaroshan,,local_unit,NP0769,2017-03-10,,ADM3_PCODE=NP0769404
NP0769405,Dhakari,,local_unit,NP0769,2017-03-10,,ADM3_PCODE=NP0769405
NP0769406,Turmakhand,,local_unit,NP0769,2017-03-10,,ADM3_PCODE=NP0769406
NP0770301,Shikhar,,local_unit,NP0770,2017-03-10,,ADM3_PCODE=NP0770301
NP0770302,Dipayal Silgadhi,,local_unit,NP0770,2017-03-10,,ADM3_PCODE=NP0770302
NP0770401,Aadarsha,,local_unit,NP0770,2017-03-10,,ADM3_PCODE=NP0770401
NP0770402,Sayal,,local_unit,NP0770,2017-03-10,,ADM3_PCODE=NP0770402
NP0770403,Purbichouki,,local_unit,NP0770,2017-03-10,,ADM3_PCODE=NP0770403
NP0770404,Jorayal,,local_unit,NP0770,2017-03-10,,ADM3_PCODE=NP0770404
NP0770405,K.I. Singh,,local_unit,NP0770,2017-03-10,,ADM3_PCODE=NP0770405
NP0770406,Badi Kedar,,local_unit,NP0770,2017-03-10,,ADM3_PCODE=NP0770406
NP0770407,Bogatan Phudsil,,local_unit,NP0770,2017-03-10,,ADM3_PCODE=NP0770407
NP0771201,Dhangadhi,,local_unit,NP0771,2017-03-10,,ADM3_PCODE=NP0771201
NP0771301,Godawari,,local_unit,NP0771,2017-03-10,,ADM3_PCODE=NP0771301
NP0771302,Gauriganga,,local_unit,NP0771,2017-03-10,,ADM3_PCODE=NP0771302
NP0771303,Ghodaghodi,,local_unit,NP0771,2017-03-10,,ADM3_PCODE=NP0771303
NP0771304,Bhajani,,local_unit,NP0771,2017-03-10,,ADM3_PCODE=NP0771304
NP0771305,Tikapur,,local_unit,NP0771,2017-03-10,,ADM3_PCODE=NP0771305
NP0771306,Lamki Chuha,,local_unit,NP0771,2017-03-10,,ADM3_PCODE=NP0771306
NP0771401,Chure,,local_unit,NP0771,2017-03-10,,ADM3_PCODE=NP0771401
NP0771402,Kailari,,local_unit,NP0771,2017-03-10,,ADM3_PCODE=NP0771402
NP0771403,Mohanyal,,local_unit,NP0771,2017-03-10,,ADM3_PCODE=NP0771403
NP0771404,Joshipur,,local_unit,NP0771,2017-03-10,,ADM3_PCODE=NP0771404
NP0771405,Bardagoriya,,local_unit,NP0771,2017-03-10,,ADM3_PCODE=NP0771405
NP0771406,Janaki,,local_unit,NP0771,2017-03-10,,ADM3_PCODE=NP0771406
NP0772301,Dodhara Chandani,,local_unit,NP0772,2017-03-10,,ADM3_PCODE=NP0772301
NP0772302,Bhimdatta,,local_unit,NP0772,2017-03-10,,ADM3_PCODE=NP0772302
NP0772303,Bedkot,,local_unit,NP0772,2017-03-10,,ADM3_PCODE=NP0772303
NP0772304,Shuklaphanta,,local_unit,NP0772,2017-03-10,,ADM3_PCODE=NP0772304
NP0772305,Krishnapur,,local_unit,NP0772,2017-03-10,,ADM3_PCODE=NP0772305
NP0772306,Belouri,,local_unit,NP0772,2017-03-10,,ADM3_PCODE=NP0772306
NP0772307,Punarbas,,local_unit,NP0772,2017-03-10,,ADM3_PCODE=NP0772307
NP0772401,Beldandi,,local_unit,NP0772,2017-03-10,,ADM3_PCODE=NP0772401
NP0772402,Laljhadi,,local_unit,NP0772,2017-03-10,,ADM3_PCODE=NP0772402
NP0773301,Parashuram,,local_unit,NP0773,2017-03-10,,ADM3_PCODE=NP0773301
NP0773302,Amargadhi,,local_unit,NP0773,2017-03-10,,ADM3_PCODE=NP0773302
NP0773401,Bhageshwor,,local_unit,NP0773,2017-03-10,,ADM3_PCODE=NP0773401
NP0773402,Ajayameru,,local_unit,NP0773,2017-03-10,,ADM3_PCODE=NP0773402
NP0773403,Nawadurga,,local_unit,NP0773,2017-03-10,,ADM3_PCODE=NP0773403
NP0773404,Aalital,,local_unit,NP0773,2017-03-10,,ADM3_PCODE=NP0773404
NP0773405,Ganyapdhura,,local_unit,NP0773,2017-03-10,,ADM3_PCODE=NP0773405
NP0774301,Dasharathchand,,local_unit,NP0774,2017-03-10,,ADM3_PCODE=NP0774301
NP0774302,Puchaundi,,local_unit,NP0774,2017-03-10,,ADM3_PCODE=NP0774302
NP0774303,Melauli,,local_unit,NP0774,2017-03-10,,ADM3_PCODE=NP0774303
NP0774304,Patan,,local_unit,NP0774,2017-03-10,,ADM3_PCODE=NP0774304
NP0774401,Dilasaini,,local_unit,NP0774,2017-03-10,,ADM3_PCODE=NP0774401
NP0774402,Dogada Kedar,,local_unit,NP0774,2017-03-10,,ADM3_PCODE=NP0774402
NP0774403,Surnaya,,local_unit,NP0774,2017-03-10,,ADM3_PCODE=NP0774403
NP0774404,Pancheshwor,,local_unit,NP0774,2017-03-10,,ADM3_PCODE=NP0774404
NP0774405,Shivanath,,local_unit,NP0774,2017-03-10,,ADM3_PCODE=NP0774405
NP0774406,Sigas,,local_unit,NP0774,2017-03-10,,ADM3_PCODE=NP0774406
NP0775301,Mahakali,,local_unit,NP0775,2017-03-10,,ADM3_PCODE=NP0775301
NP0775302,Shailyashikhar,,local_unit,NP0775,2017-03-10,,ADM3_PCODE=NP0775302
NP0775401,Byas,,local_unit,NP0775,2017-03-10,,ADM3_PCODE=NP0775401
NP0775402,Duhun,,local_unit,NP0775,2017-03-10,,ADM3_PCODE=NP0775402
NP0775403,Apihimal,,local_unit,NP0775,2017-03-10,,ADM3_PCODE=NP0775403
NP0775404,Malikarjun,,local_unit,NP0775,2017-03-10,,ADM3_PCODE=NP0775404
NP0775405,Naugad,,local_unit,NP0775,2017-03-10,,ADM3_PCODE=NP0775405
NP0775406,Lekam,,local_unit,NP0775,2017-03-10,,ADM3_PCODE=NP0775406
NP0775407,Marma,,local_unit,NP0775,2017-03-10,,ADM3_PCODE=NP0775407
