content_id,category,title_ne,title_en,published_date_raw,bs_date_guess,pdf_url,sha256,retrieved_at
77,inter-government-financial-transfer,अन्तर सरकारी वित्तीय हस्तान्तरण २०८१/८२,,"जेठ १८, २०८१, शुक्रबार ७:१८",2081-02-18,https://giwmscdnone.gov.np/media/pdf_upload/1717162262_%E0%A4%85%E0%A4%A8%E0%A5%8D%E0%A4%A4%E0%A4%B0%20%E0%A4%B8%E0%A4%B0%E0%A4%95%E0%A4%BE%E0%A4%B0%E0%A5%80%20%E0%A4%B5%E0%A4%BF%E0%A4%A4%E0%A5%8D%E0%A4%A4%E0%A5%80%E0%A4%AF%20%E0%A4%B9%E0%A4%B8%E0%A5%8D%E0%A4%A4%E0%A4%BE%E0%A4%A8%E0%A5%8D%E0%A4%A4%E0%A4%B0%E0%A4%A3%20%E0%A5%A8%E0%A5%A6%E0%A5%AE%E0%A5%A7-%E0%A5%AE%E0%A5%A8_nbaja9d.pdf,5ae6097fa2c90fbdd12a40263d41e2bb7ed7a98ee9b8a091a9b5041aee997443,2026-09-03T17:01:59.704733+00:00
81,redbook,व्यय अनुमानको विवरण (रातो किताब) २०७९/८०,,"पुष २७, २०८१, शनिबार २१:२४",2081-09-27,https://giwmscdnone.gov.np/media/pdf_upload/Redbook%20(Final)_2079%3A80_uryb8ga.pdf,cc9ca02852a21284a34c9deb7bddaf75af708ed4b7851957fe9b41bf5d8e8f28,2026-09-03T16:48:34.368286+00:00
82,redbook,व्यय अनुमानको विवरण (रातो किताब) २०८०/८१,,"पुष २७, २०८१, शनिबार २१:२४",2081-09-27,https://giwmscdnone.gov.np/media/pdf_upload/Redbook_2080%3A81_vqjjhx7.pdf,e3271a9c360b9db0637b99eff7a9435db1ee04adf30fa898f48d8b512d7e2f81,2026-09-03T16:48:31.030663+00:00
83,redbook,व्यय अनुमानको विवरण (रातो किताब) २०८१-८२,,"पुष २७, २०८१, शनिबार २१:२५",2081-09-27,https://giwmscdnone.gov.np/media/pdf_upload/%E0%A4%B5%E0%A5%8D%E0%A4%AF%E0%A4%AF%20%E0%A4%85%E0%A4%A8%E0%A5%81%E0%A4%AE%E0%A4%BE%E0%A4%A8%E0%A4%95%E0%A5%8B%20%E0%A4%B5%E0%A4%BF%E0%A4%B5%E0%A4%B0%E0%A4%A3%20(%E0%A4%B0%E0%A4%BE%E0%A4%A4%E0%A5%8B%20%E0%A4%95%E0%A4%BF%E0%A4%A4%E0%A4%BE%E0%A4%AC)%20%E0%A5%A8%E0%A5%A6%E0%A5%AE%E0%A5%A7-%E0%A5%AE%E0%A5%A8_k3ip15v.pdf,851f3419ba4d9ea1423e2b4b040864f699f4359ec5dcd84637f6411eff65c4b3,2026-09-03T16:48:27.547107+00:00
147,inter-government-financial-transfer,आर्थिक वर्ष २०८०।८१ को लागि स्थानीय तहलाई अन्तर सरकारी वित्तीय हस्तान्तरण सम्बन्धी व्यवस्था र मार्गदर्शन ।,,"साउन १२, २०८०, शुक्रबार ७:३३",2080-04-12,https://giwmscdnone.gov.np/media/pdf_upload/1690364851_753%20Local%20Governments%20%20margadarsan%202080_vr8b4v1.pdf,99467bf1605a0a7fb6a63618416e2184e91399f8ab6eee61aff7c116a85d21f6,2026-09-03T17:02:13.036624+00:00
148,inter-government-financial-transfer,आ.व. २०८०/८१ को लागि कोशी प्रदेशलाई अन्तर सरकारी वित्तीय हस्तान्तरण कार्यान्वयन सम्बन्धी व्यवस्था र मार्गदर्शन।,,"साउन १२, २०८०, शुक्रबार ७:३४",2080-04-12,https://giwmscdnone.gov.np/media/pdf_upload/1690527883_Koshi%20Pradesh%20%20margadarsan%202080_khaxayl.pdf,6e0042e6867b5cac559e85426794a4d18b291fd8586629b5fa9d2809ddfa98a7,2026-09-03T17:02:09.986924+00:00
149,inter-government-financial-transfer,आ.व. २०८०/८१ को लागि मधेश प्रदेशलाई अन्तर सरकारी वित्तीय हस्तान्तरण कार्यान्वयन सम्बन्धी व्यवस्था र मार्गदर्शन।,,"साउन १२, २०८०, शुक्रबार ७:३५",2080-04-12,https://giwmscdnone.gov.np/media/pdf_upload/1690527948_Madhes%20Pradesh%20%20margadarsan%202080_f5jpcvu.pdf,8c9d77766823b1acf5881800490590f627d2863836296e1d4dc84ad8b70bacac,2026-09-03T17:02:06.453204+00:00
150,inter-government-financial-transfer,आ.व. २०८०/८१ को लागि बागमती प्रदेशलाई अन्तर सरकारी वित्तीय हस्तान्तरण कार्यान्वयन सम्बन्धी व्यवस्था र मार्गदर्शन।,,"साउन १२, २०८०, शुक्रबार ७:३७",2080-04-12,https://giwmscdnone.gov.np/media/pdf_upload/1690528005_Bagmati%20Pradesh%20%20margadarsan%202080_ucyihvr.pdf,7b9b8434d9d06c511b271c7014b761b0b1f5dfe8ef8152a9dec97fe6bc061167,2026-09-03T17:02:02.478675+00:00
151,half-yearly-elemental-assessment,"बजेटको अर्धवार्षिक मूल्याङ्कन प्रतिवेदन, २०८०/८१",,"२८ पुष, २०८१",2081-09-28,https://giwmscdnone.gov.np/media/pdf_upload/1707736487_MOF_(Mid%20Term%202080-81%20Book%20final%20for%20WEB_8fybhcl.pdf,1ddd021994574a8d9b92916ab061b842758ebbd6166d0f55c019b8ba782952b0,2026-09-03T17:04:22.213592+00:00
152,half-yearly-elemental-assessment,"बजेटको अर्धवार्षिक मूल्याङ्कन प्रतिवेदन, २०७९/८०",,"२८ पुष, २०८१",2081-09-28,https://giwmscdnone.gov.np/media/pdf_upload/1676196449_%E0%A4%85%E0%A4%B0%E0%A5%8D%E0%A4%A7%E0%A4%B5%E0%A4%BE%E0%A4%B0%E0%A5%8D%E0%A4%B7%E0%A4%BF%E0%A4%95%20%E0%A4%B8%E0%A4%AE%E0%A4%BF%E0%A4%95%E0%A5%8D%E0%A4%B7%E0%A4%BE%202079_80_10_29_2_45%20Final_hn4tjme.pdf,800d69e2a449746f3456e6745de1605bf0ad6bdcbfd8e4a327745dca570b94cc,2026-09-03T17:04:19.150057+00:00
153,half-yearly-elemental-assessment,"बजेटको अर्धवार्षिक मूल्याङ्कन प्रतिवेदन, २०७८/७९",,"२८ पुष, २०८१",2081-09-28,https://giwmscdnone.gov.np/media/pdf_upload/1644487946_%E0%A4%85%E0%A4%B0%E0%A5%8D%E0%A4%A7%E0%A4%B5%E0%A4%BE%E0%A4%B0%E0%A5%8D%E0%A4%B7%E0%A4%BF%E0%A4%95%20%E0%A4%B8%E0%A4%AE%E0%A4%BF%E0%A4%95%E0%A5%8D%E0%A4%B7%E0%A4%BE%202078%20compile_kk5kvsz.pdf,bbef291882719d5d25b15b45b151c4d83a75e7d96db53521c9b275d436f06d08,2026-09-03T17:04:16.109139+00:00
154,half-yearly-elemental-assessment,"बजेटको अर्धवार्षिक समीक्षा प्रतिवेदन, २०७७/७८",,"२८ पुष, २०८१",2081-09-28,https://giwmscdnone.gov.np/media/pdf_upload/1637138159_Mid%20Term%202077_dceuytp.pdf,bd89721e6169ccb2f74a005f48b04ea15d7669ce4a89bb5939ed07a15a25f9b0,2026-09-03T17:04:13.376713+00:00
155,half-yearly-elemental-assessment,प्रेस नोट (२०७७ माघ १० गते) - [ बजेटको अर्धवार्षिक समीक्षा],,"८ माघ, २०७७",2077-10-08,https://giwmscdnone.gov.np/media/pdf_upload/Press%20note-%202077-10-10-%20Mid%20Term%20Review%20of%20Budget%20(1)_20210125014504_dis8oad.pdf,1d85425b9510bb6052e50ae4cdac2ba30d16d2766e55d97892bacb35acb217b7,2026-09-03T17:04:25.237135+00:00
169,budget-speech,बजेट वक्तव्य २०७८/७९,,"मंसिर २६, २०७८, सोमबार ५:२१",2078-08-26,https://giwmscdnone.gov.np/media/pdf_upload/Budget%20Speech%20(Final)%20Full_20210530100738_o9tp90b.pdf,672bb09f00f521450552d1be9884b9664e2af0bdf79068f71a78f4f5cbb988bc,2026-09-03T16:48:07.022245+00:00
170,budget-speech,बजेट वक्तव्य २०७७/७८,,"जेठ ६, २०७७, बुधबार ५:२४",2077-02-06,https://giwmscdnone.gov.np/media/pdf_upload/%E0%A4%AC%E0%A4%9C%E0%A5%87%E0%A4%9F_%E0%A4%B5%E0%A4%95%E0%A5%8D%E0%A4%A4%E0%A4%B5%E0%A5%8D%E0%A4%AF_%E0%A5%A8%E0%A5%A6%E0%A5%AD%E0%A5%AD_website_20201118075339_gwig8z0.pdf,6cba933e236c2fa93fba79d4721445a7c9fa6d976812a1e31b844dc5cebbb93b,2026-09-03T16:48:18.724910+00:00
171,budget-speech,बजेट वक्तव्य २०७६/७७,,"असार ३, २०७६, बुधबार ५:२५",2076-03-03,https://giwmscdnone.gov.np/media/pdf_upload/%E0%A4%AC%E0%A4%9C%E0%A5%87%E0%A4%9F%20%E0%A4%B5%E0%A4%95%E0%A5%8D%E0%A4%A4%E0%A4%B5%E0%A5%8D%E0%A4%AF%20%E0%A5%A8%E0%A5%A6%E0%A5%AD%E0%A5%AC_20190603122910_wbmhqhg.pdf,e117acc041bf5ab40d1235e5ada25494dc1b7ab6e514ba44b8f666b621dcd222,2026-09-03T16:48:24.217870+00:00
173,whitebook,Source Book: White Book FY 2020-21,,"असार ७, २०७७, सोमबार ५:४३",2077-03-07,https://giwmscdnone.gov.np/media/pdf_upload/source_book_final_20200623051728_qypntp8.pdf,6bc7eace7ea8b31bf93d081d42854be52dce8937925c76b7ccea74db9e6aebc6,2026-09-03T16:49:43.618758+00:00
174,whitebook,Source Book: White Book FY 2015-16,,"असार २९, २०७२, मंगलबार ५:४६",2072-03-29,https://giwmscdnone.gov.np/media/pdf_upload/source_book_20150714124835_jzitx4k.pdf,6830f955d6773926c2a2d70bcfff4e8c82e1fc446cc465e89af255f9c9d46810,2026-09-03T16:49:50.123023+00:00
210,economic-survey,आर्थिक सर्वेक्षण २०८०/८१,,"१ माघ, २०८१",2081-10-01,https://giwmscdnone.gov.np/media/pdf_upload/1717566409_Economic%20Survey%202080_81_qfdhxbg.pdf,78a5d12d0403ace350819052b3c2ba84989c03e68275b66bb666c21757c783ec,2026-09-03T16:46:27.952267+00:00
211,economic-survey,Economic Survey (English Version) 2022/23,,"१ माघ, २०८१",2081-10-01,https://giwmscdnone.gov.np/media/pdf_upload/1710323031_Economic%20Survey%20Engslish%202022-23%20Eng%20Final%20for%20WEB_abbomfw.pdf,25c6b1f95895ba8d2445200fcd866ea949a1aa8db9ee4af1683ca380fc2fa206,2026-09-03T16:46:21.557663+00:00
212,economic-survey,आर्थिक सर्वेक्षण २०७८/७९,,"२९ पुष, २०८१",2081-09-29,https://giwmscdnone.gov.np/media/pdf_upload/1653758845_%E0%A4%86%E0%A4%B0%E0%A5%8D%E0%A4%A5%E0%A4%BF%E0%A4%95%20%E0%A4%B8%E0%A4%B0%E0%A5%8D%E0%A4%B5%E0%A5%87%E0%A4%95%E0%A5%8D%E0%A4%B7%E0%A4%A3%20%E0%A5%A8%E0%A5%A6%E0%A5%AD%E0%A5%AE_%E0%A5%AD%E0%A5%AF_morioyx.pdf,3dfaf867047f1403d8971c2b6f5f159bee50b2412f04e766d6c03e9b0190312a,2026-09-03T16:46:38.467146+00:00
213,economic-survey,आर्थिक सर्वेक्षण २०७८/७९ सारांश,,"२९ पुष, २०८१",2081-09-29,https://giwmscdnone.gov.np/media/pdf_upload/1653757350_%E0%A4%86%E0%A4%B0%E0%A5%8D%E0%A4%A5%E0%A4%BF%E0%A4%95%20%E0%A4%B8%E0%A4%B0%E0%A5%8D%E0%A4%B5%E0%A5%87%E0%A4%95%E0%A5%8D%E0%A4%B7%E0%A4%A3%20%E0%A5%A8%E0%A5%A6%E0%A5%AD%E0%A5%AE_%E0%A5%AD%E0%A5%AF%20%E0%A4%B8%E0%A4%BE%E0%A4%B0%E0%A4%BE%E0%A4%82%E0%A4%B6_n1lcn1g.pdf,97abec748e6d71fafe7061df96f328760ee093d0b5944808ad5bf7873832ef00,2026-09-03T16:46:33.831326+00:00
214,economic-survey,Economic Survey 2021/22,,"२८ पुष, २०८१",2081-09-28,https://giwmscdnone.gov.np/media/pdf_upload/1674635120_Economic_Survey_2022_piyux3h.pdf,40dac0053f9f05f6535ca82b17f386c742c6e7ab4d9ff2c296c400e0fb13bb37,2026-09-03T16:47:08.907925+00:00
215,economic-survey,Economic Survey 2020/21,,"२८ पुष, २०८१",2081-09-28,https://giwmscdnone.gov.np/media/pdf_upload/1633341980_Economic%20Survey%20(Engslish)%202020-21_q3nra26.pdf,10b8d17bc51b2fe992a11e2edfa267b32afa8e477c30ebcf6420604b57e04ebe,2026-09-03T16:47:03.432849+00:00
216,economic-survey,आर्थिक सर्वेक्षण २०७७/७८,,"२८ पुष, २०८१",2081-09-28,https://giwmscdnone.gov.np/media/pdf_upload/%E0%A4%86%E0%A4%B0%E0%A5%8D%E0%A4%A5%E0%A4%BF%E0%A4%95%20%E0%A4%B8%E0%A4%B0%E0%A5%8D%E0%A4%B5%E0%A5%87%E0%A4%95%E0%A5%8D%E0%A4%B7%E0%A4%A3%20%E0%A5%A8%E0%A5%A6%E0%A5%AD%E0%A5%AD_%E0%A5%AD%E0%A5%AE%20Press_20210528090726_4zlhbwy.pdf,fa3d0572fbfa0fd269244f8edb6e33ee89d795048dac1ff48e17a4fea96dc196,2026-09-03T16:46:57.012192+00:00
217,economic-survey,Economic Survey 2019/20,,"२८ पुष, २०८१",2081-09-28,https://giwmscdnone.gov.np/media/pdf_upload/Economic%20Survey%202019_20201125024153_zfjehtn.pdf,5b9e60de38a1028ff7b0613e3292dc6f963ad0e756897ed41570f630250def49,2026-09-03T16:46:52.238801+00:00
218,economic-survey,आर्थिक सर्वेक्षण २०७६/७७,,"२८ पुष, २०८१",2081-09-28,https://giwmscdnone.gov.np/media/pdf_upload/%E0%A4%86%E0%A4%B0%E0%A5%8D%E0%A4%A5%E0%A4%BF%E0%A4%95%20%E0%A4%B8%E0%A4%B0%E0%A5%8D%E0%A4%B5%E0%A5%87%E0%A4%95%E0%A5%8D%E0%A4%B7%E0%A4%A3%20%E0%A5%AD%E0%A5%AC_20201206060653_hcjc9jn.pdf,5efa8a670648cf1bd64708aaafdf0c42ee5ee9086f996261cff15b1a61453f3d,2026-09-03T16:46:43.193264+00:00
219,economic-survey,Economic Survey 2018/19,,"२८ पुष, २०८१",2081-09-28,https://giwmscdnone.gov.np/media/pdf_upload/compiled%20economic%20Survey%20english%207-25_20191111101758_lrs8uo0.pdf,6c9b46fee945a226053d117be0f8c37708af116da7d81078d8b3aeca52cc9f71,2026-09-03T16:46:48.168614+00:00
221,economic-survey,Economic Survey 2017/18,,"२७ पुष, २०८१",2081-09-27,https://giwmscdnone.gov.np/media/pdf_upload/for%20web_Economic%20Survey%202075%20Full%20Final%20for%20WEB%20_20180914091500_ekyojls.pdf,6d1f8e0c9ba5e0f5968c1b1d862123bfb16043132942c84583353da127912c99,2026-09-03T16:47:31.862997+00:00
222,economic-survey,आर्थिक सर्वेक्षण २०७४/७५,,"२७ पुष, २०८१",2081-09-27,https://giwmscdnone.gov.np/media/pdf_upload/%E0%A4%86%E0%A4%B0%E0%A5%8D%E0%A4%A5%E0%A4%BF%E0%A4%95%20%E0%A4%B8%E0%A4%B0%E0%A5%8D%E0%A4%B5%E0%A5%87%E0%A4%95%E0%A5%8D%E0%A4%B7%E0%A4%A3%20%E0%A5%A8%E0%A5%A6%E0%A5%AD%E0%A5%AA-%E0%A5%AD%E0%A5%AB_20200721070418_nve4wze.pdf,02646ae0f9dae9b1bad46781d1d2c246fa6dba5305e692338af96cc2ece3d553,2026-09-03T16:47:20.237360+00:00
223,economic-survey,आर्थिक सर्वेक्षण २०७३/७४,,"२७ पुष, २०८१",2081-09-27,https://giwmscdnone.gov.np/media/pdf_upload/Economic%20Survey%202073-74_20170530085129_60n27fu.pdf,22f3fd793bdb5f41dafe168308da2faa6db89e7e0f79e575b995722ad3d2a769,2026-09-03T16:47:26.782761+00:00
224,economic-survey,आर्थिक सर्वेक्षण २०७२/७३,,"२७ पुष, २०८१",2081-09-27,https://giwmscdnone.gov.np/media/pdf_upload/Economic%20Survey%202072-73%20-%20Nepali_20160817092337_nebjrdv.pdf,1cc283fa691f8c4304141039a444e92569ba8e88357d9977f63466daa7b68ec5,2026-09-03T16:47:13.645091+00:00
252,redbook,व्यय अनुमानको विवरण २०८१/८२,,"जेठ १५, २०८१, बुधबार ०:०",2081-02-15,https://giwmscdnone.gov.np/media/pdf_upload/%E0%A4%B5%E0%A5%8D%E0%A4%AF%E0%A4%AF%20%E0%A4%85%E0%A4%A8%E0%A5%81%E0%A4%AE%E0%A4%BE%E0%A4%A8%E0%A4%95%E0%A5%8B%20%E0%A4%B5%E0%A4%BF%E0%A4%B5%E0%A4%B0%E0%A4%A3%20(%E0%A4%B0%E0%A4%BE%E0%A4%A4%E0%A5%8B%20%E0%A4%95%E0%A4%BF%E0%A4%A4%E0%A4%BE%E0%A4%AC)%20%E0%A5%A8%E0%A5%A6%E0%A5%AE%E0%A5%A7-%E0%A5%AE%E0%A5%A8_iynjlkz.pdf,851f3419ba4d9ea1423e2b4b040864f699f4359ec5dcd84637f6411eff65c4b3,2026-09-03T16:48:38.293531+00:00
253,redbook,व्यय अनुमानको विवरण २०८०/८१,,"जेठ १६, २०८०, मंगलबार १२:५७",2080-02-16,https://giwmscdnone.gov.np/media/pdf_upload/1685431543_Redbook_2080%20final_uz6gks1.pdf,e3271a9c360b9db0637b99eff7a9435db1ee04adf30fa898f48d8b512d7e2f81,2026-09-03T16:48:42.120194+00:00
254,redbook,व्यय अनुमानको विवरण २०७९/८०,,"जेठ १४, २०७९, आइतबार ०:०",2079-02-14,https://giwmscdnone.gov.np/media/pdf_upload/1654143439_redbook%20(Final)_tfzwlwf.pdf,cc9ca02852a21284a34c9deb7bddaf75af708ed4b7851957fe9b41bf5d8e8f28,2026-09-03T16:48:45.516552+00:00
255,redbook,व्यय अनुमानको विवरण २०७८/७९,,"जेठ १५, २०७८, आइतबार ०:०",2078-02-15,https://giwmscdnone.gov.np/media/pdf_upload/Redbook%20Press%20(Final)_20210530065617_7finc2n.pdf,515819801b9540231c77c13928f4f72a75d29c0e31f34b73dbf33df8ab100b49,2026-09-03T16:48:53.273831+00:00
257,redbook,व्यय अनुमानको विवरण २०७६/७७,,"जेठ १४, २०७६, बुधबार ०:०",2076-02-14,https://giwmscdnone.gov.np/media/pdf_upload/%E0%A4%AC%E0%A5%8D%E0%A4%AF%E0%A4%AF%20%E0%A4%85%E0%A4%A8%E0%A5%81%E0%A4%AE%E0%A4%BE%E0%A4%A8%E0%A4%95%E0%A5%8B%20%E0%A4%B5%E0%A4%BF%E0%A4%B5%E0%A4%B0%E0%A4%A3%20%E0%A5%A8%E0%A5%A6%E0%A5%AD%E0%A5%AC_20190603123023_4qfchpf.pdf,5bacb9ce277e0dd94e211dbaa37a148c7f4a6be64a179d2ca83e7606bef667bd,2026-09-03T16:49:01.279912+00:00
259,redbook,व्यय अनुमानको विवरण २०७४/७५,,"जेठ १४, २०७४, सोमबार ०:०",2074-02-14,https://giwmscdnone.gov.np/media/pdf_upload/Red%20Book%20Central%202074-75_20170530083940_00lqgwe.pdf,2112bc6b01bf9fb41ac2c12e5200d0172a61f316f92de56d88d08aa470a3287e,2026-09-03T16:49:06.386114+00:00
262,redbook,व्यय अनुमानको विवरण २०७१/७२,,"असोज १४, २०७१, बुधबार ०:०",2071-06-14,https://giwmscdnone.gov.np/media/pdf_upload/%E0%A4%B5%E0%A5%8D%E0%A4%AF%E0%A4%AF%20%E0%A4%85%E0%A4%A8%E0%A5%81%E0%A4%AE%E0%A4%BE%E0%A4%A8%E0%A4%95%E0%A5%8B%20%E0%A4%B5%E0%A4%BF%E0%A4%B5%E0%A4%B0%E0%A4%A3%20%E0%A5%A8%E0%A5%A6%E0%A5%AD%E0%A5%A7-%E0%A5%AD%E0%A5%A8_6d7mimy.pdf,8894d7163e5f46415ce0af27d96889b60b0b8cae1b1cdfc16d92d34567ed0429,2026-09-03T16:49:20.097851+00:00
263,redbook,व्यय अनुमानको विवरण २०७०/७१,,"असोज १४, २०७०, मंगलबार ०:०",2070-06-14,https://giwmscdnone.gov.np/media/pdf_upload/RB%202070-71_20140722052750_d5gsbhl.pdf,6dc6b5e4c6130670eb2c0970e71af7b7f855ef1f9b8667aad11c1e56cff2a3cf,2026-09-03T16:49:25.161208+00:00
264,redbook,व्यय अनुमानको विवरण २०६९/७०,,"असोज १४, २०६९, सोमबार ०:०",2069-06-14,https://giwmscdnone.gov.np/media/pdf_upload/RB%202069-70_20140722052658_wcqrs1s.pdf,c38df7450f4a1c384104ff0a69e394cba848558a635fe73a7a4d57a3a0836496,2026-09-03T16:49:29.504650+00:00
265,redbook,व्यय अनुमानको विवरण २०६८/६९,,"असोज १३, २०६८, शनिबार ०:०",2068-06-13,https://giwmscdnone.gov.np/media/pdf_upload/RB%202069-70_20140722052658_wxbli5d.pdf,c38df7450f4a1c384104ff0a69e394cba848558a635fe73a7a4d57a3a0836496,2026-09-03T16:49:33.755686+00:00
266,redbook,व्यय अनुमानको विवरण २०६७/६८,,"असोज १४, २०६७, शुक्रबार ०:०",2067-06-14,https://giwmscdnone.gov.np/media/pdf_upload/LI%202067-68_20140720071240_h6upkj4.pdf,a86c1f7a70ee8e5a633148de914d7be190e413be93f96f67a73f254ad7cc9897,2026-09-03T16:49:37.860687+00:00
273,redbook,"व्यय अनुमानको विवरण २०७८/७९, असोज",,"असार ७, २०७८, मंगलबार ०:०",2078-03-07,https://giwmscdnone.gov.np/media/pdf_upload/1636954126_Redbook_2078_79_Revised_5pfrbev.pdf,90ac0f03071dbb3235e9f3893ded96c03a4d4f8f92fa1d9b9ad011b82cabaa36,2026-09-03T16:48:49.944737+00:00
275,budget-speech,बजेट वक्तव्य २०७९/८०,,"माघ १, २०८१, मंगलबार १४:५",2081-10-01,https://giwmscdnone.gov.np/media/pdf_upload/%E0%A4%86.%E0%A4%B5.%20%E0%A5%A8%E0%A5%A6%E0%A5%AD%E0%A5%AF_%E0%A5%AE%E0%A5%A6%20%E0%A4%95%E0%A5%8B%20%E0%A4%AC%E0%A4%9C%E0%A5%87%E0%A4%9F%20%E0%A4%B5%E0%A4%95%E0%A5%8D%E0%A4%A4%E0%A4%B5%E0%A5%8D%E0%A4%AF_yc04dhm.pdf,e6e57f4ba880c8368a3db6c188ac53fcb1247b3245caf08c046ce4b5a307e8ce,2026-09-03T16:47:52.503141+00:00
276,budget-speech,बजेट वक्तव्य २०८०/८१,,"माघ १, २०८१, मंगलबार १४:६",2081-10-01,https://giwmscdnone.gov.np/media/pdf_upload/Budget_Sppech_2080-81_Final_ghwn8me.pdf,da994f7a31d9367e98886d7bab81672ef5c3945f74932594ce2efb74c8ccbaa3,2026-09-03T16:47:49.807857+00:00
277,budget-speech,बजेट वक्तव्य २०८१/८२,,"माघ १, २०८१, मंगलबार १४:७",2081-10-01,https://giwmscdnone.gov.np/media/pdf_upload/%E0%A4%AC%E0%A4%9C%E0%A5%87%E0%A4%9F%20%E0%A4%B5%E0%A4%95%E0%A5%8D%E0%A4%A4%E0%A4%B5%E0%A5%8D%E0%A4%AF%20%E0%A5%A8%E0%A5%A6%E0%A5%AE%E0%A5%A7-%E0%A5%AE%E0%A5%A8_nw8hg3y.pdf,e3c2a17e6e96bf8198a03b3f9b407a8bb66c6ffc00bb381ff3ff81cc845c7a8a,2026-09-03T16:47:46.651528+00:00
281,economic-survey,Economic Survey 2023/24,,"६ माघ, २०८१",2081-10-06,https://giwmscdnone.gov.np/media/pdf_upload/MOF_Economic%20Survey%20ENG%202023-24%20book%20Final_for%20WEB_miwtpw0.pdf,efff8cdc3c1a5cac717ae3761e1feb613d4464f67aef64ac5f9995e905dba7f2,2026-09-03T16:46:16.622769+00:00
282,bulletin,"अर्थ बुलेटिन, मंसिर अंक (२०८१)",,"माघ ९, २०८१, बुधबार १५:३०",2081-10-09,https://giwmscdnone.gov.np/media/pdf_upload/mangsir%20bulletin_a3pitgr.pdf,d759c2fe6b099989ddb5abb6d625cc8ecfe1adbd2ad9898f6980e91ec7c8d2a2,2026-09-03T16:45:51.668039+00:00
292,half-yearly-elemental-assessment,"बजेटको अर्धवार्षिक मूल्याङ्कन प्रतिवेदन, २०८१/८२",,"२४ माघ, २०८१",2081-10-24,https://giwmscdnone.gov.np/media/pdf_upload/%E0%A4%85%E0%A4%B0%E0%A5%8D%E0%A4%A7%E0%A4%B5%E0%A4%BE%E0%A4%B0%E0%A5%8D%E0%A4%B7%E0%A4%BF%E0%A4%95%20%E0%A4%B8%E0%A4%AE%E0%A4%BF%E0%A4%95%E0%A5%8D%E0%A4%B7%E0%A4%BE%202081_82%20_10_23_9_20%20compile_p2pbidu.pdf,383b50d4a13820e95c66be78eb52fd1e0e851e63401c89c51f13a8bd4cdc35b0,2026-09-03T17:04:10.097948+00:00
313,budget-speech,बजेट वक्तव्य २०८१/८२,,"माघ १, २०८१, मंगलबार १२:३४",2081-10-01,https://giwmscdnone.gov.np/media/pdf_upload/%E0%A4%AC%E0%A4%9C%E0%A5%87%E0%A4%9F%20%E0%A4%B5%E0%A4%95%E0%A5%8D%E0%A4%A4%E0%A4%B5%E0%A5%8D%E0%A4%AF%20%E0%A5%A8%E0%A5%A6%E0%A5%AE%E0%A5%A7-%E0%A5%AE%E0%A5%A8_d4eidui.pdf,e3c2a17e6e96bf8198a03b3f9b407a8bb66c6ffc00bb381ff3ff81cc845c7a8a,2026-09-03T16:47:55.475139+00:00
389,budget-speech,Budget Speech (English) 2024/25,,"भदौ ११, २०८१, बुधबार ०:०",2081-05-11,https://giwmscdnone.gov.np/media/pdf_upload/Budget%20Speech%202024_25_iekc8kc.pdf,10a40c049057b0a0b4532c343f2a2f6c787b2fb3c845934aa3864c41bf0a02d6,2026-09-03T16:47:58.566218+00:00
390,budget-speech,Budget Speech 2023/24,,"असार २३, २०८०, आइतबार ०:०",2080-03-23,https://giwmscdnone.gov.np/media/pdf_upload/Budget%20Speech%202023_24_v202k1m.pdf,73660ca91506a51f0019f3f41b127bc46d23f3bd2f8ee05907a9a6e94ff95084,2026-09-03T16:48:01.146847+00:00
391,budget-speech,Budget Speech 2022/23,,"असार १४, २०७९, बुधबार ०:०",2079-03-14,https://giwmscdnone.gov.np/media/pdf_upload/Budget%20Speech%202022-23_qai3qlc.pdf,3f86bce3b93e5a8322434bb49e2218fcbfdcf21b3bd0e91b3d5478e10183ae69,2026-09-03T16:48:03.721226+00:00
392,budget-speech,Bill for Replacing the Financial Ordinances (Fiscal Year 2021/22) [English],,"मंसिर १, २०७८, बिहिबार ०:०",2078-08-01,https://giwmscdnone.gov.np/media/pdf_upload/Budget%20Speech%202021-22_42rlkrb.pdf,2a02a70abc4322068be5657d7a3a9b2ed58dc78002729e81dfefe510e0017511,2026-09-03T16:48:10.342842+00:00
393,budget-speech,Budget Speech 2021/22,,"साउन १२, २०७८, बुधबार ०:०",2078-04-12,https://giwmscdnone.gov.np/media/pdf_upload/Budget%20Speech%202021-22%20non%20english_hxokts9.pdf,5496e41a092976d8135e58f23832a3323b226ed951e4aa041c1e2cb227b069f8,2026-09-03T16:48:12.860745+00:00
394,budget-speech,Budget Speech 2020/21,,"साउन १६, २०७७, शनिबार ०:०",2077-04-16,https://giwmscdnone.gov.np/media/pdf_upload/Budget%20Speech%202020-21_d0coo4e.pdf,72e0ea64379976ea683cef3477533a02291938866e26d3d139ef8c5b5e7aced5,2026-09-03T16:48:15.818575+00:00
395,budget-speech,Budget Speech 2019/20,,"असोज १३, २०७६, मंगलबार ०:०",2076-06-13,https://giwmscdnone.gov.np/media/pdf_upload/Budget%20Speech%202019-20_qt10rru.pdf,f21efed2e2b06086f0840b09b7cea44f61e30a446e3f5f0f2c3f7af7fc5d1d05,2026-09-03T16:48:21.604989+00:00
452,redbook,व्यय अनुमानको विवरण २०७३/७४,,"जेठ १५, २०७३, आइतबार ०:०",2073-02-15,https://giwmscdnone.gov.np/media/pdf_upload/%E0%A4%B5%E0%A5%8D%E0%A4%AF%E0%A4%AF%20%E0%A4%85%E0%A4%A8%E0%A5%81%E0%A4%AE%E0%A4%BE%E0%A4%A8%E0%A4%95%E0%A5%8B%20%E0%A4%B5%E0%A4%BF%E0%A4%B5%E0%A4%B0%E0%A4%A3%20%E0%A5%A8%E0%A5%A6%E0%A5%AD%E0%A5%A9-%E0%A5%AD%E0%A5%AA_l24f95n.pdf,100eaf042d6fe43a43510a799fd16a51caa67cbbcd7830d668975a107fbbf0d3,2026-09-03T16:49:10.538376+00:00
453,redbook,व्यय अनुमानको विवरण २०७२/७३,,"असार २८, २०७२, मंगलबार ०:०",2072-03-28,https://giwmscdnone.gov.np/media/pdf_upload/%E0%A4%B5%E0%A5%8D%E0%A4%AF%E0%A4%AF%20%E0%A4%85%E0%A4%A8%E0%A5%81%E0%A4%AE%E0%A4%BE%E0%A4%A8%E0%A4%95%E0%A5%8B%20%E0%A4%B5%E0%A4%BF%E0%A4%B5%E0%A4%B0%E0%A4%A3%20%E0%A5%A8%E0%A5%A6%E0%A5%AD%E0%A5%A8-%E0%A5%AD%E0%A5%A9_2qteqov.pdf,418b719ad3a01f1af7d6600b8e1474f8125ce6f0a3569381d470c8f54cff2434,2026-09-03T16:49:14.844138+00:00
456,whitebook,आर्थिक बर्ष २०६५ / ६६ को वैदेशिक सहायता आयोजनाहरुको स्रोत पुस्तिका,,"साउन ५, २०७०, आइतबार ०:०",2070-04-05,https://giwmscdnone.gov.np/media/pdf_upload/%E0%A4%86%E0%A4%B0%E0%A5%8D%E0%A4%A5%E0%A4%BF%E0%A4%95%20%E0%A4%AC%E0%A4%B0%E0%A5%8D%E0%A4%B7%20%E0%A5%A8%E0%A5%A6%E0%A5%AC%E0%A5%AB%20-%E0%A5%AC%E0%A5%AC%20%E0%A4%95%E0%A5%8B%20%E0%A4%B5%E0%A5%88%E0%A4%A6%E0%A5%87%E0%A4%B6%E0%A4%BF%E0%A4%95%20%E0%A4%B8%E0%A4%B9%E0%A4%BE%E0%A4%AF%E0%A4%A4%E0%A4%BE%20%E0%A4%86%E0%A4%AF%E0%A5%8B%E0%A4%9C%E0%A4%A8%E0%A4%BE%E0%A4%B9%E0%A4%B0%E0%A5%81%E0%A4%95%E0%A5%8B%20%E0%A4%B8%E0%A5%8D%E0%A4%B0%E0%A5%8B%E0%A4%A4%20%E0%A4%AA%E0%A5%81%E0%A4%B8%E0%A5%8D%E0%A4%A4%E0%A4%BF%E0%A4%95%E0%A4%BE_az1pmgw.pdf,e5abe229cb2a05df5f1500eca05e859a44a253c4626bf0d4d8e399943da3fd09,2026-09-03T16:50:12.039557+00:00
457,whitebook,Source Book: White Book FY 2021-22,,"जेठ १५, २०७८, आइतबार ०:०",2078-02-15,https://giwmscdnone.gov.np/media/pdf_upload/Source%20Book%20%20White%20Book%20FY%202021-22_azz4yjf.pdf,a1bc94d0ec1b138bae10c165bd0e853a390f3792aed29615c18b66eb39aa7b52,2026-09-03T16:49:40.994411+00:00
458,whitebook,Source Book: White Book FY 2020-21,,"असार ७, २०७७, सोमबार ०:०",2077-03-07,https://giwmscdnone.gov.np/media/pdf_upload/Source%20Book%20White%20Book%20FY%202020-21_dkjqgrt.pdf,6bc7eace7ea8b31bf93d081d42854be52dce8937925c76b7ccea74db9e6aebc6,2026-09-03T16:49:47.176676+00:00
459,whitebook,Source Book: White Book FY 2015-16,,"असार २८, २०७२, मंगलबार ०:०",2072-03-28,https://giwmscdnone.gov.np/media/pdf_upload/Source%20Book%20White%20Book%20FY%202015-16_7jvoiky.pdf,6830f955d6773926c2a2d70bcfff4e8c82e1fc446cc465e89af255f9c9d46810,2026-09-03T16:49:52.580070+00:00
460,whitebook,आर्थिक बर्ष २०७१ / ७२ को वैदेशिक सहायता आयोजनाहरुको स्रोत पुस्तिका,,"असार २८, २०७१, आइतबार ०:०",2071-03-28,https://giwmscdnone.gov.np/media/pdf_upload/%E0%A4%86%E0%A4%B0%E0%A5%8D%E0%A4%A5%E0%A4%BF%E0%A4%95%20%E0%A4%AC%E0%A4%B0%E0%A5%8D%E0%A4%B7%20%E0%A5%A8%E0%A5%A6%E0%A5%AD%E0%A5%A7-%20%E0%A5%AD%E0%A5%A8%20%E0%A4%95%E0%A5%8B%20%E0%A4%B5%E0%A5%88%E0%A4%A6%E0%A5%87%E0%A4%B6%E0%A4%BF%E0%A4%95%20%E0%A4%B8%E0%A4%B9%E0%A4%BE%E0%A4%AF%E0%A4%A4%E0%A4%BE%20%E0%A4%86%E0%A4%AF%E0%A5%8B%E0%A4%9C%E0%A4%A8%E0%A4%BE%E0%A4%B9%E0%A4%B0%E0%A5%81%E0%A4%95%E0%A5%8B%20%E0%A4%B8%E0%A5%8D%E0%A4%B0%E0%A5%8B%E0%A4%A4%20%E0%A4%AA%E0%A5%81%E0%A4%B8%E0%A5%8D%E0%A4%A4%E0%A4%BF%E0%A4%95%E0%A4%BE_8xjyyod.pdf,77cf42039d3ae65cbfd3012f910acbd856f4f094fecf5625df6f303562c359bc,2026-09-03T16:49:55.327020+00:00
461,whitebook,आर्थिक बर्ष २०६७ / ६८ को वैदेशिक सहायता आयोजनाहरुको स्रोत पुस्तिका,,"साउन ६, २०७०, सोमबार ०:०",2070-04-06,https://giwmscdnone.gov.np/media/pdf_upload/%E0%A4%86%E0%A4%B0%E0%A5%8D%E0%A4%A5%E0%A4%BF%E0%A4%95%20%E0%A4%AC%E0%A4%B0%E0%A5%8D%E0%A4%B7%20%E0%A5%A8%E0%A5%A6%E0%A5%AC%E0%A5%AD%20-%E0%A5%AC%E0%A5%AE%20%E0%A4%95%E0%A5%8B%20%E0%A4%B5%E0%A5%88%E0%A4%A6%E0%A5%87%E0%A4%B6%E0%A4%BF%E0%A4%95%20%E0%A4%B8%E0%A4%B9%E0%A4%BE%E0%A4%AF%E0%A4%A4%E0%A4%BE%20%E0%A4%86%E0%A4%AF%E0%A5%8B%E0%A4%9C%E0%A4%A8%E0%A4%BE%E0%A4%B9%E0%A4%B0%E0%A5%81%E0%A4%95%E0%A5%8B%20%E0%A4%B8%E0%A5%8D%E0%A4%B0%E0%A5%8B%E0%A4%A4%20%E0%A4%AA%E0%A5%81%E0%A4%B8%E0%A5%8D%E0%A4%A4%E0%A4%BF%E0%A4%95%E0%A4%BE_31acuu6.pdf,bf784a43fd098cb644e90ef0cec424a12e66a7989ceb53418170ada9022dd3be,2026-09-03T16:50:01.034637+00:00
462,whitebook,Source Book: White Book FY 2065/2066,,"साउन ६, २०७०, सोमबार ०:०",2070-04-06,https://giwmscdnone.gov.np/media/pdf_upload/Source%20Book%20White%20Book%20FY%202065-2066_pdhwcnt.pdf,e5abe229cb2a05df5f1500eca05e859a44a253c4626bf0d4d8e399943da3fd09,2026-09-03T16:50:03.532847+00:00
463,whitebook,Source Book: White Book FY 2066/2067,,"साउन ६, २०७०, सोमबार ०:०",2070-04-06,https://giwmscdnone.gov.np/media/pdf_upload/Source%20Book%20White%20Book%20FY%202066-2067_rs9xxm2.pdf,f4d5275030705fa4c87ff0e23ac96e7f0ead8e7f7a573e3fa4fd6d088739dfd0,2026-09-03T16:50:06.209055+00:00
464,whitebook,Source Book: White Book FY 2067/2068,,"साउन ६, २०७०, सोमबार ०:०",2070-04-06,https://giwmscdnone.gov.np/media/pdf_upload/Source%20Book%20White%20Book%20FY%202067-2068_uruiozk.pdf,bf784a43fd098cb644e90ef0cec424a12e66a7989ceb53418170ada9022dd3be,2026-09-03T16:50:09.019467+00:00
466,whitebook,आर्थिक बर्ष २०६२ / ६३ को वैदेशिक सहायता आयोजनाहरुको स्रोत पुस्तिका,,"साउन ४, २०७०, शनिबार ०:०",2070-04-04,https://giwmscdnone.gov.np/media/pdf_upload/%E0%A4%86%E0%A4%B0%E0%A5%8D%E0%A4%A5%E0%A4%BF%E0%A4%95%20%E0%A4%AC%E0%A4%B0%E0%A5%8D%E0%A4%B7%20%E0%A5%A8%E0%A5%A6%E0%A5%AC%E0%A5%A8%20-%20%E0%A5%AC%E0%A5%A9%20%E0%A4%95%E0%A5%8B%20%E0%A4%B5%E0%A5%88%E0%A4%A6%E0%A5%87%E0%A4%B6%E0%A4%BF%E0%A4%95%20%E0%A4%B8%E0%A4%B9%E0%A4%BE%E0%A4%AF%E0%A4%A4%E0%A4%BE%20%E0%A4%86%E0%A4%AF%E0%A5%8B%E0%A4%9C%E0%A4%A8%E0%A4%BE%E0%A4%B9%E0%A4%B0%E0%A5%81%E0%A4%95%E0%A5%8B%20%E0%A4%B8%E0%A5%8D%E0%A4%B0%E0%A5%8B%E0%A4%A4%20%E0%A4%AA%E0%A5%81%E0%A4%B8%E0%A5%8D%E0%A4%A4%E0%A4%BF%E0%A4%95%E0%A4%BE_rjsmftf.pdf,c970d37414434156b30ba978294549cb50f1d97e1ddf9e337fc8db23c0de3e7d,2026-09-03T16:50:14.620648+00:00
467,whitebook,आर्थिक बर्ष २०७० / ७१ को वैदेशिक सहायता आयोजनाहरुको स्रोत पुस्तिका,,"साउन २७, २०७०, सोमबार ०:०",2070-04-27,https://giwmscdnone.gov.np/media/pdf_upload/%E0%A4%86%E0%A4%B0%E0%A5%8D%E0%A4%A5%E0%A4%BF%E0%A4%95%20%E0%A4%AC%E0%A4%B0%E0%A5%8D%E0%A4%B7%20%E0%A5%A8%E0%A5%A6%E0%A5%AD%E0%A5%A6%20-%20%E0%A5%AD%E0%A5%A7%20%E0%A4%95%E0%A5%8B%20%E0%A4%B5%E0%A5%88%E0%A4%A6%E0%A5%87%E0%A4%B6%E0%A4%BF%E0%A4%95%20%E0%A4%B8%E0%A4%B9%E0%A4%BE%E0%A4%AF%E0%A4%A4%E0%A4%BE%20%E0%A4%86%E0%A4%AF%E0%A5%8B%E0%A4%9C%E0%A4%A8%E0%A4%BE%E0%A4%B9%E0%A4%B0%E0%A5%81%E0%A4%95%E0%A5%8B%20%E0%A4%B8%E0%A5%8D%E0%A4%B0%E0%A5%8B%E0%A4%A4%20%E0%A4%AA%E0%A5%81%E0%A4%B8%E0%A5%8D%E0%A4%A4%E0%A4%BF%E0%A4%95%E0%A4%BE_hlihgjf.pdf,1c683061a4dbdf667f0828fe567e132e6778d38c4b80651fe54e930599cd88aa,2026-09-03T16:49:58.152760+00:00
468,whitebook,आर्थिक बर्ष २०६४ / ६५ को वैदेशिक सहायता आयोजनाहरुको स्रोत पुस्तिका,,"साउन ४, २०७०, शनिबार ०:०",2070-04-04,https://giwmscdnone.gov.np/media/pdf_upload/%E0%A4%86%E0%A4%B0%E0%A5%8D%E0%A4%A5%E0%A4%BF%E0%A4%95%20%E0%A4%AC%E0%A4%B0%E0%A5%8D%E0%A4%B7%20%E0%A5%A8%E0%A5%A6%E0%A5%AC%E0%A5%AA%20-%20%E0%A5%AC%E0%A5%AB%20%E0%A4%95%E0%A5%8B%20%E0%A4%B5%E0%A5%88%E0%A4%A6%E0%A5%87%E0%A4%B6%E0%A4%BF%E0%A4%95%20%E0%A4%B8%E0%A4%B9%E0%A4%BE%E0%A4%AF%E0%A4%A4%E0%A4%BE%20%E0%A4%86%E0%A4%AF%E0%A5%8B%E0%A4%9C%E0%A4%A8%E0%A4%BE%E0%A4%B9%E0%A4%B0%E0%A5%81%E0%A4%95%E0%A5%8B%20%E0%A4%B8%E0%A5%8D%E0%A4%B0%E0%A5%8B%E0%A4%A4%20%E0%A4%AA%E0%A5%81%E0%A4%B8%E0%A5%8D%E0%A4%A4%E0%A4%BF%E0%A4%95%E0%A4%BE_aaji14t.pdf,0fe2c7746988e2a33c1716a1903acfac63a57688f92d5e01fe2393e29a61e9ea,2026-09-03T16:50:17.273056+00:00
478,bulletin,अर्थ बुलेटिन २०८१-८२ को अर्धवार्षिक तथ्यांकमा आधारित,,"फागुन १५, २०८१, बिहिबार १२:४",2081-11-15,https://giwmscdnone.gov.np/media/pdf_upload/%E0%A4%85%E0%A4%B0%E0%A5%8D%E0%A4%A5%20%E0%A4%AC%E0%A5%81%E0%A4%B2%E0%A5%87%E0%A4%9F%E0%A4%BF%E0%A4%A8%20%E0%A5%A8%E0%A5%A6%E0%A5%AE%E0%A5%A7-%E0%A5%AE%E0%A5%A8%20%E0%A4%95%E0%A5%8B%20%E0%A4%85%E0%A4%B0%E0%A5%8D%E0%A4%A7%E0%A4%B5%E0%A4%BE%E0%A4%B0%E0%A5%8D%E0%A4%B7%E0%A4%BF%E0%A4%95%20%E0%A4%A4%E0%A4%A5%E0%A5%8D%E0%A4%AF%E0%A4%BE%E0%A4%82%E0%A4%95%E0%A4%AE%E0%A4%BE%20%E0%A4%86%E0%A4%A7%E0%A4%BE%E0%A4%B0%E0%A4%BF%E0%A4%A4_e1jmc0g.pdf,d08b6c789b5cfb90e43b200a2c8d40b0cf52c761c6a3e41e0d4102d824040dcc,2026-09-03T16:45:47.638121+00:00
618,inter-government-financial-transfer,आ.व. २०८०/८१ को लागि गण्डकी प्रदेशलाई अन्तर सरकारी वित्तीय हस्तान्तरण कार्यान्वयन सम्बन्धी व्यवस्था र मार्गदर्शन।,,"साउन ११, २०८०, शुक्रबार ०:०",2080-04-11,https://giwmscdnone.gov.np/media/pdf_upload/%E0%A4%86.%E0%A4%B5.%20%E0%A5%A8%E0%A5%A6%E0%A5%AE%E0%A5%A6-%E0%A5%AE%E0%A5%A7%20%E0%A4%95%E0%A5%8B%20%E0%A4%B2%E0%A4%BE%E0%A4%97%E0%A4%BF%20%E0%A4%97%E0%A4%A3%E0%A5%8D%E0%A4%A1%E0%A4%95%E0%A5%80%20%E0%A4%AA%E0%A5%8D%E0%A4%B0%E0%A4%A6%E0%A5%87%E0%A4%B6%E0%A4%B2%E0%A4%BE%E0%A4%88%20%E0%A4%85%E0%A4%A8%E0%A5%8D%E0%A4%A4%E0%A4%B0%20%E0%A4%B8%E0%A4%B0%E0%A4%95%E0%A4%BE%E0%A4%B0%E0%A5%80%20%E0%A4%B5%E0%A4%BF%E0%A4%A4%E0%A5%8D%E0%A4%A4%E0%A5%80%E0%A4%AF%20%E0%A4%B9%E0%A4%B8%E0%A5%8D%E0%A4%A4%E0%A4%BE%E0%A4%A8%E0%A5%8D%E0%A4%A4%E0%A4%B0%E0%A4%A3_fqdmj8l.pdf,2b53f2212af5d4283d1b8b2bcbcd521b849d8c433194941db9bb4810739fbd59,2026-09-03T17:02:17.626106+00:00
619,inter-government-financial-transfer,आ.व. २०८०/८१ को लागि लुम्बिनी प्रदेशलाई अन्तर सरकारी वित्तीय हस्तान्तरण कार्यान्वयन सम्बन्धी व्यवस्था र मार्गदर्शन।,,"साउन ११, २०८०, शुक्रबार ०:०",2080-04-11,https://giwmscdnone.gov.np/media/pdf_upload/%E0%A4%86.%E0%A4%B5.%20%E0%A5%A8%E0%A5%A6%E0%A5%AE%E0%A5%A6-%E0%A5%AE%E0%A5%A7%20%E0%A4%95%E0%A5%8B%20%E0%A4%B2%E0%A4%BE%E0%A4%97%E0%A4%BF%20%E0%A4%B2%E0%A5%81%E0%A4%AE%E0%A5%8D%E0%A4%AC%E0%A4%BF%E0%A4%A8%E0%A5%80%20%E0%A4%AA%E0%A5%8D%E0%A4%B0%E0%A4%A6%E0%A5%87%E0%A4%B6%E0%A4%B2%E0%A4%BE%E0%A4%88%20%E0%A4%85%E0%A4%A8%E0%A5%8D%E0%A4%A4%E0%A4%B0%20%E0%A4%B8%E0%A4%B0%E0%A4%95%E0%A4%BE%E0%A4%B0%E0%A5%80%20%E0%A4%B5%E0%A4%BF%E0%A4%A4%E0%A5%8D%E0%A4%A4%E0%A5%80%E0%A4%AF%20%E0%A4%B9%E0%A4%B8%E0%A5%8D%E0%A4%A4%E0%A4%BE%E0%A4%A8%E0%A5%8D%E0%A4%A4%E0%A4%B0%E0%A4%A3_ple2afi.pdf,74b46137099923b13ab338ed552e7ae943ba3535310f73622cce66b900184d33,2026-09-03T17:02:20.984254+00:00
620,inter-government-financial-transfer,आ.व. २०८०/८१ को लागि कर्णाली प्रदेशलाई अन्तर सरकारी वित्तीय हस्तान्तरण कार्यान्वयन सम्बन्धी व्यवस्था र मार्गदर्शन।,,"साउन ११, २०८०, शुक्रबार ०:०",2080-04-11,https://giwmscdnone.gov.np/media/pdf_upload/%E0%A4%86.%E0%A4%B5.%20%E0%A5%A8%E0%A5%A6%E0%A5%AE%E0%A5%A6-%E0%A5%AE%E0%A5%A7%20%E0%A4%95%E0%A5%8B%20%E0%A4%B2%E0%A4%BE%E0%A4%97%E0%A4%BF%20%E0%A4%95%E0%A4%B0%E0%A5%8D%E0%A4%A3%E0%A4%BE%E0%A4%B2%E0%A5%80%20%E0%A4%AA%E0%A5%8D%E0%A4%B0%E0%A4%A6%E0%A5%87%E0%A4%B6%E0%A4%B2%E0%A4%BE%E0%A4%88%20%E0%A4%85%E0%A4%A8%E0%A5%8D%E0%A4%A4%E0%A4%B0%20%E0%A4%B8%E0%A4%B0%E0%A4%95%E0%A4%BE%E0%A4%B0%E0%A5%80%20%E0%A4%B5%E0%A4%BF%E0%A4%A4%E0%A5%8D%E0%A4%A4%E0%A5%80%E0%A4%AF%20%E0%A4%B9%E0%A4%B8%E0%A5%8D%E0%A4%A4%E0%A4%BE%E0%A4%A8%E0%A5%8D%E0%A4%A4%E0%A4%B0%E0%A4%A3_ghcg27d.pdf,ec1befaebfd65b1ff13acd901dc834a2e743c42121c4c84d6d83ac8edf7fa0dc,2026-09-03T17:02:24.082219+00:00
621,inter-government-financial-transfer,आ.व. २०८०/८१ को लागि सुदुरपश्चिम प्रदेशलाई अन्तर सरकारी वित्तीय हस्तान्तरण कार्यान्वयन सम्बन्धी व्यवस्था र मार्गदर्शन।,,"साउन ११, २०८०, शुक्रबार ०:०",2080-04-11,https://giwmscdnone.gov.np/media/pdf_upload/Sudurpaschim%20Pradesh%20%20margadarsan%202080_a5cemku.pdf,3085c492adbb8dbf7ace2cecf2a7593864033493fe8dcad9e9c37566a0034b47,2026-09-03T17:02:30.531140+00:00
622,inter-government-financial-transfer,अन्तर सरकारी वित्तीय हस्तान्तरण २०८०/८१,,"जेठ १५, २०८०, मंगलबार ०:०",2080-02-15,https://giwmscdnone.gov.np/media/pdf_upload/1685431681_Fiscal%20Transfer%202080_wo3vvdq.pdf,690e8d9854e0382f6dcc4789cc741a9b1c1c6738496b3457c278094ff39c7e12,2026-09-03T17:02:33.438846+00:00
623,inter-government-financial-transfer,आर्थिक वर्ष २०७९।८० को लागि स्थानीय तहलाई अन्तर सरकारी वित्तीय हस्तान्तरण सम्बन्धी व्यवस्था र मार्गदर्शन ।,,"साउन १८, २०७९, बिहिबार ०:०",2079-04-18,https://giwmscdnone.gov.np/media/pdf_upload/%E0%A4%86%E0%A4%B0%E0%A5%8D%E0%A4%A5%E0%A4%BF%E0%A4%95%20%E0%A4%B5%E0%A4%B0%E0%A5%8D%E0%A4%B7%20%E0%A5%A8%E0%A5%A6%E0%A5%AD%E0%A5%AF%E0%A5%A4%E0%A5%AE%E0%A5%A6%20%E0%A4%85%E0%A4%A8%E0%A5%8D%E0%A4%A4%E0%A4%B0%20%E0%A4%B8%E0%A4%B0%E0%A4%95%E0%A4%BE%E0%A4%B0%E0%A5%80%20%E0%A4%B5%E0%A4%BF%E0%A4%A4%E0%A5%8D%E0%A4%A4%E0%A5%80%E0%A4%AF%20%E0%A4%B9%E0%A4%B8%E0%A5%8D%E0%A4%A4%E0%A4%BE%E0%A4%A8%E0%A5%8D%E0%A4%A4%E0%A4%B0%E0%A4%A3%20%E0%A4%B8%E0%A4%AE%E0%A5%8D%E0%A4%AC%E0%A4%A8%E0%A5%8D%E0%A4%A7%E0%A5%80%20%E0%A4%B5%E0%A5%8D%E0%A4%AF%E0%A4%B5%E0%A4%B8%E0%A5%8D%E0%A4%A5%E0%A4%BE%20%E0%A4%B0%20%E0%A4%AE%E0%A4%BE%E0%A4%B0%E0%A5%8D%E0%A4%97%E0%A4%A6%E0%A4%B0%E0%A5%8D%E0%A4%B6%E0%A4%A8%20%E0%A5%A4_o4cxf4d.pdf,2ce772d31afaa99a17030cd8cb17c4fb5b81a27269187adcc8b941b0e9aa2793,2026-09-03T17:02:36.129229+00:00
624,inter-government-financial-transfer,आर्थिक वर्ष २०७९।८० को लागि प्रदेश तहलाई अन्तर सरकारी वित्तीय हस्तान्तरण सम्बन्धी व्यवस्था र मार्गदर्शन ।,,"साउन ७, २०७९, आइतबार ०:०",2079-04-07,https://giwmscdnone.gov.np/media/pdf_upload/1660456603_Province_Guidlines_Budget_qi4exrc.pdf,ce33506fc40871a62c80b172514711cef23c157134c3e331781fbe0f8be83570,2026-09-03T17:03:48.723097+00:00
625,inter-government-financial-transfer,अन्तर सरकारी वित्तीय हस्तान्तरण २०७९/८०,,"जेठ १४, २०७९, आइतबार ०:०",2079-02-14,https://giwmscdnone.gov.np/media/pdf_upload/%E0%A4%85%E0%A4%A8%E0%A5%8D%E0%A4%A4%E0%A4%B0%20%E0%A4%B8%E0%A4%B0%E0%A4%95%E0%A4%BE%E0%A4%B0%E0%A5%80%20%E0%A4%B5%E0%A4%BF%E0%A4%A4%E0%A5%8D%E0%A4%A4%E0%A5%80%E0%A4%AF%20%E0%A4%B9%E0%A4%B8%E0%A5%8D%E0%A4%A4%E0%A4%BE%E0%A4%A8%E0%A5%8D%E0%A4%A4%E0%A4%B0%E0%A4%A3%20%E0%A5%A8%E0%A5%A6%E0%A5%AD%E0%A5%AF-%E0%A5%AE%E0%A5%A6_evp65cw.pdf,3aa11f8626b43859ebf7b270544024e96286e6e338d29ed24910582f64541074,2026-09-03T17:03:53.322763+00:00
626,inter-government-financial-transfer,नेपाल सरकारको आय र व्ययको बार्षिक विवरण आर्थिक वर्ष २०७७-७८ (मूल आर्थिक विवरण - भाग १),,"माघ ८, २०७८, आइतबार ०:०",2078-10-08,https://giwmscdnone.gov.np/media/pdf_upload/%E0%A4%A8%E0%A5%87%E0%A4%AA%E0%A4%BE%E0%A4%B2%20%E0%A4%B8%E0%A4%B0%E0%A4%95%E0%A4%BE%E0%A4%B0%20%E0%A4%86%E0%A4%AF%20%E0%A4%B5%E0%A5%8D%E0%A4%AF%E0%A4%AF%202077-78_sseqpyk.pdf,8df9e0baf1c2d2f27f3575bdfe521f25bb5c4fd4e90834a082902dcda318b8a5,2026-09-03T17:03:56.179243+00:00
627,inter-government-financial-transfer,अन्तर सरकारी वित्तिय हस्तान्तरण २०७८/७९,,"जेठ १५, २०७८, आइतबार ०:०",2078-02-15,https://giwmscdnone.gov.np/media/pdf_upload/%E0%A4%85%E0%A4%A8%E0%A5%8D%E0%A4%A4%E0%A4%B0%20%E0%A4%B8%E0%A4%B0%E0%A4%95%E0%A4%BE%E0%A4%B0%E0%A5%80%20%E0%A4%B5%E0%A4%BF%E0%A4%A4%E0%A5%8D%E0%A4%A4%E0%A4%BF%E0%A4%AF%20%E0%A4%B9%E0%A4%B8%E0%A5%8D%E0%A4%A4%E0%A4%BE%E0%A4%A8%E0%A5%8D%E0%A4%A4%E0%A4%B0%E0%A4%A3%20%E0%A5%A8%E0%A5%A6%E0%A5%AD%E0%A5%AE-%E0%A5%AD%E0%A5%AF_8owxxeg.pdf,a1bc94d0ec1b138bae10c165bd0e853a390f3792aed29615c18b66eb39aa7b52,2026-09-03T17:03:59.685521+00:00
628,inter-government-financial-transfer,अन्तर सरकारी वित्तिय हस्तान्तरण २०७७/७८,,"जेठ १५, २०७७, शुक्रबार ०:०",2077-02-15,https://giwmscdnone.gov.np/media/pdf_upload/%E0%A4%85%E0%A4%A8%E0%A5%8D%E0%A4%A4%E0%A4%B0%20%E0%A4%B8%E0%A4%B0%E0%A4%95%E0%A4%BE%E0%A4%B0%E0%A5%80%20%E0%A4%B5%E0%A4%BF%E0%A4%A4%E0%A5%8D%E0%A4%A4%E0%A4%BF%E0%A4%AF%20%E0%A4%B9%E0%A4%B8%E0%A5%8D%E0%A4%A4%E0%A4%BE%E0%A4%A8%E0%A5%8D%E0%A4%A4%E0%A4%B0%E0%A4%A3%20%E0%A5%A8%E0%A5%A6%E0%A5%AD%E0%A5%AD-%E0%A5%AD%E0%A5%AE_ewgyiwf.pdf,a35cb1ad36b037df21e44d1828465ebb0fd706badcc7e3db83f2118d93a9f90c,2026-09-03T17:04:03.705339+00:00
1156,redbook,व्यय अनुमानको विवरण २०७७/७८,,"जेठ १५, २०७७, शुक्रबार ०:०",2077-02-15,https://giwmscdnone.gov.np/media/pdf_upload/Redbook%202077%20Website_20201129075335_onafyha.pdf,fded91e92114593c730911d61df1019a0c1e4e5bd95936c143447d30f6a1588b,2026-09-03T16:48:57.074093+00:00
1161,bulletin,Economic Bulletine (Magh 2081),,"चैत ६, २०८१, बुधबार १४:२४",2081-12-06,https://giwmscdnone.gov.np/media/pdf_upload/Magh%202081%20Economic%20Bulletin_szg2rox.pdf,577c051ed6ba30a2856a2729abb66bdffc47eb29f47c4e320e229e97840b2f15,2026-09-03T16:45:44.682425+00:00
1499,bulletin,अर्थ बुलेटिन फाल्गुण,,"बैशाख १२, २०८२, शुक्रबार १५:३२",2082-01-12,https://giwmscdnone.gov.np/media/pdf_upload/fagun%20bulletin_pcwhgil.pdf,35c21dacdcd0e1dd9eb30621798f533838ad645e13c119b05fe8745aac015e53,2026-09-03T16:45:42.119759+00:00
1520,economic-survey,आर्थिक सर्वेक्षण २०८१/८२,,"१५ जेठ, २०८२",2082-02-15,https://giwmscdnone.gov.np/media/pdf_upload/%E0%A4%86%E0%A4%B0%E0%A5%8D%E0%A4%A5%E0%A4%BF%E0%A4%95%20%E0%A4%B8%E0%A4%B0%E0%A5%8D%E0%A4%B5%E0%A5%87%E0%A4%95%E0%A5%8D%E0%A4%B7%E0%A4%A3%202081-82_ksjdgmv.pdf,a9032cfa95975db6e895c5937ed690556c616fbcee9d0759082194cc2b0fbcb8,2026-09-03T16:46:10.828263+00:00
1521,yellowbook,सार्वजनिक संस्थानको वार्षिक स्थिति समीक्षा २०८२,,"जेठ १५, २०८२, बिहिबार १४:४६",2082-02-15,https://giwmscdnone.gov.np/media/pdf_upload/Webiste%20Uploaded%20Yellow_sdwyi9v.pdf,ccbee7988e08e1921697a4b16db6f970010ed36918cf6b942443d9eb1f0ccea8,2026-09-03T16:50:25.975639+00:00
1523,budget-speech,बजेट वक्तव्य २०८२/८३,,"जेठ १५, २०८२, बिहिबार १७:४८",2082-02-15,https://giwmscdnone.gov.np/media/pdf_upload/Webside%20Final%20budget%20Speech%202_15_qbn3jyt.pdf,82c740c061982b607d7256cfa2cfcce0549a7fc50dd5d8f8c8250b4bc5e58e2c,2026-09-03T16:47:43.590753+00:00
1526,inter-government-financial-transfer,अन्तर सरकारी वित्तीय हस्तान्तरण २०८२/८३,,"जेठ १९, २०८२, सोमबार ११:१४",2082-02-19,https://giwmscdnone.gov.np/media/pdf_upload/%E0%A4%B5%E0%A4%BF%E0%A4%A4%E0%A5%8D%E0%A4%A4%E0%A5%80%E0%A4%AF%20%E0%A4%B9%E0%A4%B8%E0%A5%8D%E0%A4%A4%E0%A4%BE%E0%A4%A8%E0%A5%8D%E0%A4%A4%E0%A4%B0%E0%A4%A3_s19ud4v.pdf,b11223de5c980e4365276d2e9b74402e4131977e2f7f7f044c02f7d3dcb6d91f,2026-09-03T17:01:57.034594+00:00
1539,bulletin,अर्थ बुलेटिन चैत्र,,"असार १६, २०८२, सोमबार १७:१८",2082-03-16,https://giwmscdnone.gov.np/media/pdf_upload/chait%20bulletin_eucprze.pdf,568aea84717cb0700455e57f84b63e9e193ee0acb5dacc55323f9e6db9e9de20,2026-09-03T16:45:39.500861+00:00
1548,budget-speech,Budget Speech (English) 2025/26,,"असार २९, २०८२, आइतबार २२:११",2082-03-29,https://giwmscdnone.gov.np/media/pdf_upload/Budget%20Translation_2082-2083_nzrwuof.pdf,f72b4f4617c467f018fa22925f77105b957800df2112b3d4c5e01b95a5d8f7c7,2026-09-03T16:47:41.016025+00:00
1592,bulletin,अर्थ बुलेटिन जेठ,,"भदौ १२, २०८२, बिहिबार १३:२५",2082-05-12,https://giwmscdnone.gov.np/media/pdf_upload/jeth%20bulletin_kfm5dso.pdf,41a82e927005e8735cf865c9e8898351766229f588290a463343824413aceee8,2026-09-03T16:45:36.896476+00:00
1633,bulletin,अर्थ बुलेटिन (आर्थिक वर्ष 2081/82 को वार्षिक तथ्याङ्कमा आधारित),,"असोज २६, २०८२, आइतबार १५:१३",2082-06-26,https://giwmscdnone.gov.np/media/pdf_upload/Annual%20Bulletin%202082%20Very%20Final_r6uzhvi.pdf,3f3d9952715d932ddf237f928550becf3bf764edba38d5c782b658b81bd88530,2026-09-03T16:45:34.073472+00:00
1637,bulletin,"अर्थ बुलेटिन, साउन अंक (२०८२)",,"कात्तिक २, २०८२, आइतबार ११:३३",2082-07-02,https://giwmscdnone.gov.np/media/pdf_upload/saun%20bulletin%202082%20Final%20Updated_h3itjud.pdf,0382426b4777bad0c3537a7e368d57c7fb3927eac60b5349e506fd4b8c361615,2026-09-03T16:45:31.550481+00:00
1655,bulletin,"अर्थ बुलेटिन, असोज अंक (२०८२)",,"मंसिर १४, २०८२, आइतबार ११:१२",2082-08-14,https://giwmscdnone.gov.np/media/pdf_upload/asoj%20bulletin_nbqjebz.pdf,e00835b3c88c6b08caaa30d3cdbde5d203c0727d96b6dd88cbed6189768bf1c0,2026-09-03T16:45:26.231124+00:00
1659,bulletin,"अर्थ बुलेटिन, भदौ अंक (२०८२)",,"मंसिर ५, २०८२, शुक्रबार १०:४८",2082-08-05,https://giwmscdnone.gov.np/media/pdf_upload/%E0%A4%AD%E0%A4%A6%E0%A5%8C%20%E0%A4%AE%E0%A4%B9%E0%A4%BF%E0%A4%A8%E0%A4%BE%E0%A4%95%E0%A5%8B%20%E0%A4%85%E0%A4%B0%E0%A5%8D%E0%A4%A5%20%E0%A4%AC%E0%A5%81%E0%A4%B2%E0%A5%87%E0%A4%9F%E0%A4%BF%E0%A4%A8%20(1)_k7byoso.pdf,638d48ddf448795c779fd4e6208cf9c9f0f55c7ef32220ccb9342c7643887311,2026-09-03T16:45:28.911445+00:00
1674,bulletin,"अर्थ बुलेटिन, कार्तिक अंक (२०८२)",,"पुष १६, २०८२, बुधबार २१:१२",2082-09-16,https://giwmscdnone.gov.np/media/pdf_upload/kattik%20bulletin%20for%20website%20publication_szckkkz.pdf,aa743ad5a16824b871a5c5f83ba0f89bce4fe0b470f5f079008a842941e266b9,2026-09-03T16:45:23.451597+00:00
1687,half-yearly-elemental-assessment,आर्थिक वर्ष २०८२/८३ को बजेटको अर्धवार्षिक मूल्याङ्कन प्रतिवेदन,,"२७ माघ, २०८२",2082-10-27,https://giwmscdnone.gov.np/media/pdf_upload/MOF-Mid%20Term%20Inside%202082-83%20Book%20for%20WEB_xfmonfr.pdf,32923f2596e1c6da55cf162c1958b6d7eab3c57bae1134e732235b8c02b1b4ed,2026-09-03T17:04:06.869843+00:00
1698,bulletin,"अर्थ बुलेटिन, पुष अंक (अर्धवार्षिक तथ्याङ्कमा आधारित ,२०८२)",,"चैत ५, २०८२, बिहिबार ९:५४",2082-12-05,https://giwmscdnone.gov.np/media/pdf_upload/___________%20_______%20____-_____-_%20(1)_j08nbr7.pdf,81b8ebd30f5ecca68b0433534092a3c98cd6361e1838a2a482e79dd494a72924,2026-09-03T16:45:17.839716+00:00
1738,economic-survey,आर्थिक सर्वेक्षण २०८२/८३,,"१३ जेठ, २०८३",2083-02-13,https://giwmscdnone.gov.np/media/pdf_upload/Economic%20Survey%202082%2083%20(1)_cimkjjb.pdf,74e5d817e24644e5198885fa12804c8a0d5dcbcc563fa10289b399537a2dadef,2026-09-03T16:46:03.940310+00:00
1739,yellowbook,सार्वजनिक संस्थानको वार्षिक स्थिति समीक्षा २०८३,,"जेठ १३, २०८३, बुधबार १३:२८",2083-02-13,https://giwmscdnone.gov.np/media/pdf_upload/Yellow%20Book%202082%2083_t341hjx.pdf,d6d5ca3c7973073ae9747de62c6c6ae0ff276eb349dacf0691db4982f184ec57,2026-09-03T16:50:20.677189+00:00
1741,budget-speech,आर्थिक वर्ष २०८३/८४ को बजेट वक्तव्य,,"जेठ १५, २०८३, शुक्रबार १३:४७",2083-02-15,https://giwmscdnone.gov.np/media/pdf_upload/budget%20speech%202083_nz9wmgt_cix58wu.pdf,804f5844141f928c380e3285f98d8c07e18e8b90adc9a5a03852212f19843cd8,2026-09-03T16:47:38.203390+00:00
1748,bulletin,"अर्थ बुलेटिन, माघ अंक (२०८२)",,"जेठ २१, २०८३, बिहिबार १३:४५",2083-02-21,https://giwmscdnone.gov.np/media/pdf_upload/magh%20bulletin%20-final_x85gzza.pdf,bb917651af96795b20df5d77abc2af2d9515c864414509689b3bf986a09d7e51,2026-09-03T16:43:42.648737+00:00
1750,bulletin,"अर्थ बुलेटिन, फागुन अंक (२०८२)",,"जेठ २३, २०८३, आइतबार ५:०",2083-02-23,https://giwmscdnone.gov.np/media/pdf_upload/Fagun%20Bulletin%20%E0%A5%A8%E0%A5%A6%E0%A5%AE%E0%A5%A8_3ygey2p.pdf,78a0b74bf9a5f86cb9930747a439322262a7a0c55cff42c3ecc0a9aec37ed167,2026-09-03T16:43:37.424656+00:00
1751,inter-government-financial-transfer,अन्तर सरकारी वित्तीय हस्तान्तरण २०८३-८४,,"जेठ २५, २०८३, सोमबार ११:४३",2083-02-25,https://giwmscdnone.gov.np/media/pdf_upload/Final%20%E0%A4%B9%E0%A4%B8%E0%A5%8D%E0%A4%A4%E0%A4%BE%E0%A4%A8%E0%A5%8D%E0%A4%A4%E0%A4%B0%E0%A4%A3%2097%25_bgtdwyq.pdf,77d36f27f3afe2e35c449dcb9b606675ff00a5ac69afb9607fae8bdc1b28f928,2026-09-03T17:01:53.131869+00:00
1752,bulletin,"अर्थ बुलेटिन, चैत अंक (२०८२)",,"असार ३, २०८३, बुधबार १२:१३",2083-03-03,https://giwmscdnone.gov.np/media/pdf_upload/chaitra%20Bulletin%20%E0%A5%A8%E0%A5%A6%E0%A5%AE%E0%A5%A8_Final%20Version_3_gqoe1ha.pdf,78dd7e1aea91a859b1d7e3f82ce0bb5adc64248ed754699ec7a0014beabc4583,2026-09-03T16:43:34.469135+00:00
1753,bulletin,"अर्थ बुलेटिन, बैशाख अंक (२०८३)",,"असार ३, २०८३, बुधबार १२:१४",2083-03-03,https://giwmscdnone.gov.np/media/pdf_upload/Baisakh%20Bulletin%20%E0%A5%A8%E0%A5%A6%E0%A5%AE%E0%A5%A9_Final%20Version_3_mxrpybo.pdf,4888ca9ba82bddd06b048890ca3a65e78336bdc6741044215b06012427fb216c,2026-09-03T16:43:31.781722+00:00
1754,budget-speech,Budget Speech (English) 2026/27,,"असार ४, २०८३, बिहिबार १०:०",2083-03-04,https://giwmscdnone.gov.np/media/pdf_upload/Budget%20Speech%202026_27%20English%20Translation_ysmw9xe.pdf,4b37f21c2a6bf6186d30122c31a519dcb540b116a36d6cd0e6ff01f0f887db1d,2026-09-03T16:47:35.304347+00:00
1763,bulletin,"अर्थ बुलेटिन, मंसिर अंक (२०८२)",,"माघ १२, २०८२, सोमबार ११:५",2082-10-12,https://giwmscdnone.gov.np/media/pdf_upload/mangsir%20bulletin%202082_92nnjr2.pdf,2ce5349b340cd16be3d8b6bccfe24113499b345e508b5d14ea3d6199821bc71a,2026-09-03T16:45:20.813105+00:00
1774,bulletin,"अर्थ बुलेटिन, जेठ अंक (२०८३)",,"साउन ८, २०८३, शुक्रबार १६:०",2083-04-08,https://giwmscdnone.gov.np/media/pdf_upload/Jestha%20Bulletin%20%E0%A5%A8%E0%A5%A6%E0%A5%AE%E0%A5%A9_Final%20Version_vpykppp.pdf,4e304b0391b11bcfc91629abac74de24d06d5c03d01d1a5377fbebf36cdd682e,2026-09-03T16:43:27.962709+00:00
1803,economic-survey,आर्थिक सर्वेक्षण 2025/26,,"१६ भदौ, २०८३",2083-05-16,https://giwmscdnone.gov.np/media/pdf_upload/Final%20Merged%20ES_5_15_7ym4ycg.pdf,c3ac0207fdf301d519f20e900a55b4629bbc14e3db2101e1476899c797f0cddd,2026-09-03T16:45:55.977606+00:00
